Event,Feature,Shapley Value
Other Events,Feature 8,0.013965811739502346
Other Events,Feature 1,0.008031086021505844
Event -347,Feature 4,0.005631986114287355
Event -511,Feature 8,0.005204586692563807
Event -959,Feature 6,0.005081490433596769
Event -768,Feature 9,0.00491171583972742
Event -713,Feature 9,0.004779864854356946
Event -659,Feature 0,0.004675117079421394
Other Events,Feature 6,0.004483640341091912
Event -768,Feature 4,0.004113168499024697
Event -684,Feature 4,0.004099312186901554
Event -684,Feature 9,0.004010345299497595
Event -347,Feature 9,0.00400356467142107
Event -191,Feature 1,0.0036229008529203707
Event -581,Feature 1,0.002838694014924418
Event -191,Feature 2,0.002754445411081964
Event -511,Other Features,0.0021833273903553293
Event -511,Feature 2,0.0021764424103219767
Event -684,Feature 2,0.0015277993203904286
Event -659,Feature 2,0.0013716466298479696
Event -347,Feature 0,0.0013012890044402045
Event -713,Feature 4,0.0012444576482242382
Event -959,Feature 4,0.001104206330418933
Event -204,Feature 2,0.0
Event -204,Feature 1,0.0
Event -204,Feature 4,0.0
Event -204,Feature 3,0.0
Event -511,Feature 7,0.0
Event -204,Feature 0,0.0
Event -347,Feature 8,0.0
Event -511,Feature 6,0.0
Event -347,Feature 6,0.0
Event -347,Feature 5,0.0
Event -347,Feature 3,0.0
Event -347,Feature 2,0.0
Event -347,Feature 1,0.0
Event -511,Feature 9,0.0
Event -347,Feature 7,0.0
Event -959,Feature 0,0.0
Event -204,Feature 5,0.0
Event -959,Other Features,0.0
Other Events,Feature 7,0.0
Other Events,Feature 5,0.0
Other Events,Feature 4,0.0
Other Events,Feature 3,0.0
Other Events,Feature 0,0.0
Event -191,Other Features,0.0
Event -204,Other Features,0.0
Event -347,Other Features,0.0
Event -659,Other Features,0.0
Event -684,Other Features,0.0
Event -191,Feature 9,0.0
Event -204,Feature 6,0.0
Event -191,Feature 8,0.0
Event -191,Feature 7,0.0
Event -191,Feature 6,0.0
Event -191,Feature 4,0.0
Event -191,Feature 3,0.0
Event -191,Feature 0,0.0
Event -511,Feature 4,0.0
Event -204,Feature 9,0.0
Event -204,Feature 8,0.0
Event -204,Feature 7,0.0
Event -511,Feature 5,0.0
Event -511,Feature 0,0.0
Event -511,Feature 3,0.0
Event -768,Feature 8,0.0
Event -684,Feature 1,0.0
Event -713,Feature 8,0.0
Event -511,Feature 1,0.0
Event -713,Feature 6,0.0
Event -713,Feature 5,0.0
Event -713,Feature 3,0.0
Event -713,Feature 2,0.0
Event -713,Feature 1,0.0
Event -713,Feature 0,0.0
Event -768,Feature 7,0.0
Event -684,Feature 5,0.0
Event -768,Feature 6,0.0
Event -768,Feature 5,0.0
Event -768,Feature 3,0.0
Event -768,Feature 2,0.0
Event -768,Feature 0,0.0
Event -959,Feature 9,0.0
Event -959,Feature 7,0.0
Event -959,Feature 3,0.0
Event -959,Feature 2,0.0
Event -684,Feature 3,0.0
Event -713,Feature 7,0.0
Event -684,Feature 6,0.0
Event -581,Feature 7,0.0
Event -581,Feature 6,0.0
Event -581,Feature 5,0.0
Event -581,Feature 4,0.0
Event -581,Feature 3,0.0
Event -581,Feature 8,0.0
Event -684,Feature 7,0.0
Event -581,Feature 0,0.0
Event -659,Feature 9,0.0
Event -581,Feature 9,0.0
Event -959,Feature 1,0.0
Event -659,Feature 8,0.0
Event -659,Feature 7,0.0
Event -659,Feature 6,0.0
Event -659,Feature 5,0.0
Event -659,Feature 4,0.0
Event -659,Feature 3,0.0
Event -659,Feature 1,0.0
Event -684,Feature 8,0.0
Event -684,Feature 0,-0.003787101119186892
Event -959,Feature 8,-0.005132844122123805
Event -768,Feature 1,-0.005189997627598703
Event -191,Feature 5,-0.005251536713394224
Event -581,Other Features,-0.00533442254084252
Other Events,Feature 2,-0.005496604363367134
Event -959,Feature 5,-0.008357768599430037
Event -768,Other Features,-0.008735855678393262
Event -713,Other Features,-0.008893316642867926
Event -581,Feature 2,-0.009762644377484949
Other Events,Other Features,-0.012413398853909512
Other Events,Feature 9,-0.015273114022622311
