Random seed,NSamples,Feature,Shapley Value
0,1000,Feature 0,0.0025869282584107265
0,1000,Feature 1,0.002423491728899348
0,1000,Feature 2,-0.003097040852831519
0,1000,Feature 3,-0.0040641121685467945
0,1000,Feature 4,0.0018043203848749196
0,1000,Feature 5,-0.0027291764310097455
0,1000,Feature 6,0.0026701977325478787
0,1000,Feature 7,0.0009483988618918255
0,1000,Feature 8,0.011483971920476944
0,1000,Feature 9,-0.011316831991623623
0,1000,Feature 10,-0.0004264016977542594
0,1000,Feature 11,-0.0007954516207324292
