Random seed,NSamples,Feature,Shapley Value,Entity,Tolerance,t (event index)
0,300,Event -1,0.0,0,No Pruning,-1
0,300,Event -2,0.0,0,No Pruning,-2
0,300,Event -3,0.0,0,No Pruning,-3
0,300,Event -4,0.0,0,No Pruning,-4
0,300,Event -5,0.0,0,No Pruning,-5
0,300,Event -6,0.0,0,No Pruning,-6
0,300,Event -7,0.0,0,No Pruning,-7
0,300,Event -8,0.0,0,No Pruning,-8
0,300,Event -9,-0.0004424346943764079,0,No Pruning,-9
0,300,Event -10,0.0,0,No Pruning,-10
0,300,Event -11,-8.568972309321651e-05,0,No Pruning,-11
0,300,Event -12,0.0,0,No Pruning,-12
0,300,Event -13,0.0,0,No Pruning,-13
0,300,Event -14,0.0,0,No Pruning,-14
0,300,Event -15,0.0,0,No Pruning,-15
0,300,Event -16,0.0,0,No Pruning,-16
0,300,Event -17,-0.0005508309670988221,0,No Pruning,-17
0,300,Event -18,8.476583667648834e-05,0,No Pruning,-18
0,300,Event -19,0.0,0,No Pruning,-19
0,300,Event -20,0.0,0,No Pruning,-20
0,300,Event -21,0.0,0,No Pruning,-21
0,300,Event -22,0.0,0,No Pruning,-22
0,300,Event -23,0.0,0,No Pruning,-23
0,300,Event -24,-0.0005614885374168635,0,No Pruning,-24
0,300,Event -25,0.0,0,No Pruning,-25
0,300,Event -26,-0.0008600195792284256,0,No Pruning,-26
0,300,Event -27,0.0,0,No Pruning,-27
0,300,Event -28,0.0,0,No Pruning,-28
0,300,Event -29,-0.00043054672970915537,0,No Pruning,-29
0,300,Event -30,0.0,0,No Pruning,-30
0,300,Event -31,0.0,0,No Pruning,-31
0,300,Event -32,0.0,0,No Pruning,-32
0,300,Event -33,0.0,0,No Pruning,-33
0,300,Event -34,0.0,0,No Pruning,-34
0,300,Event -35,0.0,0,No Pruning,-35
0,300,Event -36,0.0,0,No Pruning,-36
0,300,Event -37,-0.00013974662749099037,0,No Pruning,-37
0,300,Event -38,0.0,0,No Pruning,-38
0,300,Event -39,0.0,0,No Pruning,-39
0,300,Event -40,0.0,0,No Pruning,-40
0,300,Event -41,0.0,0,No Pruning,-41
0,300,Event -42,-0.00041115438490086243,0,No Pruning,-42
0,300,Event -43,0.0,0,No Pruning,-43
0,300,Event -44,0.0,0,No Pruning,-44
0,300,Event -45,0.0,0,No Pruning,-45
0,300,Event -46,0.0,0,No Pruning,-46
0,300,Event -47,0.0,0,No Pruning,-47
0,300,Event -48,0.0,0,No Pruning,-48
0,300,Event -49,0.0,0,No Pruning,-49
0,300,Event -50,0.0,0,No Pruning,-50
0,300,Event -51,0.0,0,No Pruning,-51
0,300,Event -52,0.0,0,No Pruning,-52
0,300,Event -53,0.0,0,No Pruning,-53
0,300,Event -54,0.0,0,No Pruning,-54
0,300,Event -55,-0.00031396175802812554,0,No Pruning,-55
0,300,Event -56,0.0,0,No Pruning,-56
0,300,Event -57,0.0,0,No Pruning,-57
0,300,Event -58,0.0,0,No Pruning,-58
0,300,Event -59,0.0,0,No Pruning,-59
0,300,Event -60,-0.0002762370698534163,0,No Pruning,-60
0,300,Event -61,0.0,0,No Pruning,-61
0,300,Event -62,0.0,0,No Pruning,-62
0,300,Event -63,0.0,0,No Pruning,-63
0,300,Event -64,0.0,0,No Pruning,-64
0,300,Event -65,0.0,0,No Pruning,-65
0,300,Event -66,0.0,0,No Pruning,-66
0,300,Event -67,0.0,0,No Pruning,-67
0,300,Event -68,0.0,0,No Pruning,-68
0,300,Event -69,0.0,0,No Pruning,-69
0,300,Event -70,0.0,0,No Pruning,-70
0,300,Event -71,-0.00016188235059433182,0,No Pruning,-71
0,300,Event -72,0.0,0,No Pruning,-72
0,300,Event -73,0.0,0,No Pruning,-73
0,300,Event -74,0.0,0,No Pruning,-74
0,300,Event -75,0.0,0,No Pruning,-75
0,300,Event -76,0.0,0,No Pruning,-76
0,300,Event -77,0.0,0,No Pruning,-77
0,300,Event -78,0.0,0,No Pruning,-78
0,300,Event -79,-0.0003287246782347535,0,No Pruning,-79
0,300,Event -80,-0.00020613636317564577,0,No Pruning,-80
0,300,Event -81,0.0,0,No Pruning,-81
0,300,Event -82,0.0,0,No Pruning,-82
0,300,Event -83,0.0,0,No Pruning,-83
0,300,Event -84,0.0,0,No Pruning,-84
0,300,Event -85,0.0,0,No Pruning,-85
0,300,Event -86,0.0,0,No Pruning,-86
0,300,Event -87,0.0,0,No Pruning,-87
0,300,Event -88,0.0,0,No Pruning,-88
0,300,Event -89,0.0,0,No Pruning,-89
0,300,Event -90,0.0,0,No Pruning,-90
0,300,Event -91,0.0,0,No Pruning,-91
0,300,Event -92,0.0,0,No Pruning,-92
0,300,Event -93,-0.00025292758574324906,0,No Pruning,-93
0,300,Event -94,0.0,0,No Pruning,-94
0,300,Event -95,0.0,0,No Pruning,-95
0,300,Event -96,0.0,0,No Pruning,-96
0,300,Event -97,0.0,0,No Pruning,-97
0,300,Event -98,0.0,0,No Pruning,-98
0,300,Event -99,0.0,0,No Pruning,-99
0,300,Event -100,-0.0004671717357800678,0,No Pruning,-100
0,300,Event -101,0.0,0,No Pruning,-101
0,300,Event -102,0.0,0,No Pruning,-102
0,300,Event -103,0.0,0,No Pruning,-103
0,300,Event -104,-0.00018580449768481984,0,No Pruning,-104
0,300,Event -105,0.0,0,No Pruning,-105
0,300,Event -106,0.0,0,No Pruning,-106
0,300,Event -107,0.0,0,No Pruning,-107
0,300,Event -108,0.0,0,No Pruning,-108
0,300,Event -109,0.0,0,No Pruning,-109
0,300,Event -110,0.0,0,No Pruning,-110
0,300,Event -111,0.0,0,No Pruning,-111
0,300,Event -112,0.0,0,No Pruning,-112
0,300,Event -113,0.0,0,No Pruning,-113
0,300,Event -114,0.0,0,No Pruning,-114
0,300,Event -115,0.0,0,No Pruning,-115
0,300,Event -116,0.0,0,No Pruning,-116
0,300,Event -117,0.0,0,No Pruning,-117
0,300,Event -118,0.0,0,No Pruning,-118
0,300,Event -119,0.0,0,No Pruning,-119
0,300,Event -120,0.0,0,No Pruning,-120
0,300,Event -121,0.0,0,No Pruning,-121
0,300,Event -122,0.0,0,No Pruning,-122
0,300,Event -123,0.0,0,No Pruning,-123
0,300,Event -124,-7.444348572253684e-05,0,No Pruning,-124
0,300,Event -125,0.0,0,No Pruning,-125
0,300,Event -126,2.3176995058890742e-06,0,No Pruning,-126
0,300,Event -127,0.0,0,No Pruning,-127
0,300,Event -128,0.0,0,No Pruning,-128
0,300,Event -129,0.0,0,No Pruning,-129
0,300,Event -130,0.0,0,No Pruning,-130
0,300,Event -131,-0.00019903022926453533,0,No Pruning,-131
0,300,Event -132,0.0,0,No Pruning,-132
0,300,Event -133,0.0,0,No Pruning,-133
0,300,Event -134,0.0,0,No Pruning,-134
0,300,Event -135,0.0,0,No Pruning,-135
0,300,Event -136,0.0,0,No Pruning,-136
0,300,Event -137,0.0,0,No Pruning,-137
0,300,Event -138,-0.00012843171849317864,0,No Pruning,-138
0,300,Event -139,-0.0006894252494741606,0,No Pruning,-139
0,300,Event -140,0.0,0,No Pruning,-140
0,300,Event -141,0.0,0,No Pruning,-141
0,300,Event -142,0.0,0,No Pruning,-142
0,300,Event -143,0.0,0,No Pruning,-143
0,300,Event -144,0.0,0,No Pruning,-144
0,300,Event -145,0.0,0,No Pruning,-145
0,300,Event -146,5.403356318903307e-06,0,No Pruning,-146
0,300,Event -147,0.0,0,No Pruning,-147
0,300,Event -148,0.0,0,No Pruning,-148
0,300,Event -149,0.0,0,No Pruning,-149
0,300,Event -150,0.0,0,No Pruning,-150
0,300,Event -151,0.0,0,No Pruning,-151
0,300,Event -152,0.0,0,No Pruning,-152
0,300,Event -153,0.0,0,No Pruning,-153
0,300,Event -154,0.0,0,No Pruning,-154
0,300,Event -155,0.0,0,No Pruning,-155
0,300,Event -156,0.0,0,No Pruning,-156
0,300,Event -157,0.0,0,No Pruning,-157
0,300,Event -158,-0.0006298857505991492,0,No Pruning,-158
0,300,Event -159,0.0,0,No Pruning,-159
0,300,Event -160,0.0,0,No Pruning,-160
0,300,Event -161,0.0,0,No Pruning,-161
0,300,Event -162,-0.0006505262320874467,0,No Pruning,-162
0,300,Event -163,0.0,0,No Pruning,-163
0,300,Event -164,0.0,0,No Pruning,-164
0,300,Event -165,0.0,0,No Pruning,-165
0,300,Event -166,0.0,0,No Pruning,-166
0,300,Event -167,0.0,0,No Pruning,-167
0,300,Event -168,0.0,0,No Pruning,-168
0,300,Event -169,0.0,0,No Pruning,-169
0,300,Event -170,0.0,0,No Pruning,-170
0,300,Event -171,0.0,0,No Pruning,-171
0,300,Event -172,0.0,0,No Pruning,-172
0,300,Event -173,-0.00040922604264488746,0,No Pruning,-173
0,300,Event -174,0.0,0,No Pruning,-174
0,300,Event -175,0.0,0,No Pruning,-175
0,300,Event -176,0.0,0,No Pruning,-176
0,300,Event -177,0.0,0,No Pruning,-177
0,300,Event -178,0.0,0,No Pruning,-178
0,300,Event -179,0.0,0,No Pruning,-179
0,300,Event -180,0.0,0,No Pruning,-180
0,300,Event -181,0.0,0,No Pruning,-181
0,300,Event -182,0.0,0,No Pruning,-182
0,300,Event -183,0.0,0,No Pruning,-183
0,300,Event -184,0.0,0,No Pruning,-184
0,300,Event -185,0.0,0,No Pruning,-185
0,300,Event -186,-0.00023132069584853098,0,No Pruning,-186
0,300,Event -187,0.0,0,No Pruning,-187
0,300,Event -188,0.0,0,No Pruning,-188
0,300,Event -189,-0.0006577554206108301,0,No Pruning,-189
0,300,Event -190,-0.0006669546293827965,0,No Pruning,-190
0,300,Event -191,0.0,0,No Pruning,-191
0,300,Event -192,0.0,0,No Pruning,-192
0,300,Event -193,0.0,0,No Pruning,-193
0,300,Event -194,0.0,0,No Pruning,-194
0,300,Event -195,-8.300975818808717e-06,0,No Pruning,-195
0,300,Event -196,0.0,0,No Pruning,-196
0,300,Event -197,0.0,0,No Pruning,-197
0,300,Event -198,0.0,0,No Pruning,-198
0,300,Event -199,0.0,0,No Pruning,-199
0,300,Event -200,0.0,0,No Pruning,-200
0,300,Event -1,0.0,1,No Pruning,-1
0,300,Event -2,0.0,1,No Pruning,-2
0,300,Event -3,0.0,1,No Pruning,-3
0,300,Event -4,0.0006487725174169832,1,No Pruning,-4
0,300,Event -5,0.0,1,No Pruning,-5
0,300,Event -6,-0.002155803831981501,1,No Pruning,-6
0,300,Event -7,0.0,1,No Pruning,-7
0,300,Event -8,0.0,1,No Pruning,-8
0,300,Event -9,0.0,1,No Pruning,-9
0,300,Event -10,0.0,1,No Pruning,-10
0,300,Event -11,0.004029968585225977,1,No Pruning,-11
0,300,Event -12,-0.00045338639053652593,1,No Pruning,-12
0,300,Event -13,0.0,1,No Pruning,-13
0,300,Event -14,-0.002291514132068633,1,No Pruning,-14
0,300,Event -15,0.0,1,No Pruning,-15
0,300,Event -16,-0.00011749512706087743,1,No Pruning,-16
0,300,Event -17,0.0,1,No Pruning,-17
0,300,Event -18,0.0,1,No Pruning,-18
0,300,Event -19,-0.0015320712176122094,1,No Pruning,-19
0,300,Event -20,0.0018603074379896782,1,No Pruning,-20
0,300,Event -21,0.0,1,No Pruning,-21
0,300,Event -22,0.0009581997501238319,1,No Pruning,-22
0,300,Event -23,0.00025055216401787607,1,No Pruning,-23
0,300,Event -24,0.0007915270487769186,1,No Pruning,-24
0,300,Event -25,0.0,1,No Pruning,-25
0,300,Event -26,0.0,1,No Pruning,-26
0,300,Event -27,0.0022774372457050394,1,No Pruning,-27
0,300,Event -28,0.0,1,No Pruning,-28
0,300,Event -29,0.0,1,No Pruning,-29
0,300,Event -30,-0.0025945425679421777,1,No Pruning,-30
0,300,Event -31,0.0015834820317024096,1,No Pruning,-31
0,300,Event -32,0.0,1,No Pruning,-32
0,300,Event -33,0.0,1,No Pruning,-33
0,300,Event -34,0.0,1,No Pruning,-34
0,300,Event -35,0.0,1,No Pruning,-35
0,300,Event -36,-0.00020348797583857772,1,No Pruning,-36
0,300,Event -37,0.0,1,No Pruning,-37
0,300,Event -38,0.0,1,No Pruning,-38
0,300,Event -39,0.004259210736353155,1,No Pruning,-39
0,300,Event -40,0.0,1,No Pruning,-40
0,300,Event -41,0.0,1,No Pruning,-41
0,300,Event -42,0.0,1,No Pruning,-42
0,300,Event -43,-0.002760884694477806,1,No Pruning,-43
0,300,Event -44,0.0,1,No Pruning,-44
0,300,Event -45,0.0,1,No Pruning,-45
0,300,Event -46,0.0,1,No Pruning,-46
0,300,Event -47,0.00192472113299158,1,No Pruning,-47
0,300,Event -48,0.0,1,No Pruning,-48
0,300,Event -49,0.0,1,No Pruning,-49
0,300,Event -50,0.0,1,No Pruning,-50
0,300,Event -51,0.0,1,No Pruning,-51
0,300,Event -52,-0.006185656892892355,1,No Pruning,-52
0,300,Event -53,0.0003062393646885871,1,No Pruning,-53
0,300,Event -54,-0.0028200751611363296,1,No Pruning,-54
0,300,Event -55,0.0,1,No Pruning,-55
0,300,Event -56,0.0,1,No Pruning,-56
0,300,Event -57,0.0,1,No Pruning,-57
0,300,Event -58,0.0,1,No Pruning,-58
0,300,Event -59,0.0,1,No Pruning,-59
0,300,Event -60,0.0,1,No Pruning,-60
0,300,Event -61,-0.0021944419647742202,1,No Pruning,-61
0,300,Event -62,0.0,1,No Pruning,-62
0,300,Event -63,0.0,1,No Pruning,-63
0,300,Event -64,0.0016162917720648124,1,No Pruning,-64
0,300,Event -65,0.0,1,No Pruning,-65
0,300,Event -66,0.0,1,No Pruning,-66
0,300,Event -67,-0.0013975047250761228,1,No Pruning,-67
0,300,Event -68,0.00106584050682045,1,No Pruning,-68
0,300,Event -69,0.0,1,No Pruning,-69
0,300,Event -70,-2.960486319111021e-05,1,No Pruning,-70
0,300,Event -71,0.0,1,No Pruning,-71
0,300,Event -72,0.0,1,No Pruning,-72
0,300,Event -73,0.0023952702323470324,1,No Pruning,-73
0,300,Event -74,0.0,1,No Pruning,-74
0,300,Event -75,0.0,1,No Pruning,-75
0,300,Event -76,0.0,1,No Pruning,-76
0,300,Event -77,0.0,1,No Pruning,-77
0,300,Event -78,0.0,1,No Pruning,-78
0,300,Event -79,0.0,1,No Pruning,-79
0,300,Event -80,0.0,1,No Pruning,-80
0,300,Event -81,0.0016883647810386983,1,No Pruning,-81
0,300,Event -82,0.0,1,No Pruning,-82
0,300,Event -83,0.0005198754013377189,1,No Pruning,-83
0,300,Event -84,0.0,1,No Pruning,-84
0,300,Event -85,0.0,1,No Pruning,-85
0,300,Event -86,0.0,1,No Pruning,-86
0,300,Event -87,0.00029677144437453785,1,No Pruning,-87
0,300,Event -88,0.0,1,No Pruning,-88
0,300,Event -89,0.0013032531883660084,1,No Pruning,-89
0,300,Event -90,0.0,1,No Pruning,-90
0,300,Event -91,0.0,1,No Pruning,-91
0,300,Event -92,0.0,1,No Pruning,-92
0,300,Event -93,0.0,1,No Pruning,-93
0,300,Event -94,0.0,1,No Pruning,-94
0,300,Event -95,0.0010860971807521442,1,No Pruning,-95
0,300,Event -96,0.0,1,No Pruning,-96
0,300,Event -97,0.0,1,No Pruning,-97
0,300,Event -98,0.0,1,No Pruning,-98
0,300,Event -99,0.0,1,No Pruning,-99
0,300,Event -100,-0.00030428808621047024,1,No Pruning,-100
0,300,Event -101,-0.0001819494659785952,1,No Pruning,-101
0,300,Event -102,0.0,1,No Pruning,-102
0,300,Event -103,0.0,1,No Pruning,-103
0,300,Event -104,0.0,1,No Pruning,-104
0,300,Event -105,-0.0019201445613708267,1,No Pruning,-105
0,300,Event -106,0.0,1,No Pruning,-106
0,300,Event -107,0.0,1,No Pruning,-107
0,300,Event -108,0.0013479428315523365,1,No Pruning,-108
0,300,Event -109,0.0,1,No Pruning,-109
0,300,Event -110,-0.0037162786182105547,1,No Pruning,-110
0,300,Event -111,0.0,1,No Pruning,-111
0,300,Event -112,0.0015385704656043686,1,No Pruning,-112
0,300,Event -113,-0.0029509385923819783,1,No Pruning,-113
0,300,Event -114,0.0,1,No Pruning,-114
0,300,Event -115,0.0008374317590616088,1,No Pruning,-115
0,300,Event -116,0.0015512233673498647,1,No Pruning,-116
0,300,Event -117,0.0015659678715587608,1,No Pruning,-117
0,300,Event -118,-0.0016484673400585016,1,No Pruning,-118
0,300,Event -119,0.0012648612797213164,1,No Pruning,-119
0,300,Event -120,0.00027979195695752943,1,No Pruning,-120
0,300,Event -121,0.0017789345848948325,1,No Pruning,-121
0,300,Event -122,-0.0015722093805526454,1,No Pruning,-122
0,300,Event -123,0.0009291922918271353,1,No Pruning,-123
0,300,Event -124,0.0,1,No Pruning,-124
0,300,Event -125,0.0,1,No Pruning,-125
0,300,Event -126,0.0,1,No Pruning,-126
0,300,Event -127,-0.0006648756634801465,1,No Pruning,-127
0,300,Event -128,0.0,1,No Pruning,-128
0,300,Event -129,0.0,1,No Pruning,-129
0,300,Event -130,0.0015249654346691198,1,No Pruning,-130
0,300,Event -131,0.0,1,No Pruning,-131
0,300,Event -132,0.0,1,No Pruning,-132
0,300,Event -133,0.0005710454869633857,1,No Pruning,-133
0,300,Event -134,0.0,1,No Pruning,-134
0,300,Event -135,0.0,1,No Pruning,-135
0,300,Event -136,-0.0029263656758842537,1,No Pruning,-136
0,300,Event -137,-0.0003781584886319629,1,No Pruning,-137
0,300,Event -138,0.0,1,No Pruning,-138
0,300,Event -139,0.0,1,No Pruning,-139
0,300,Event -140,0.0,1,No Pruning,-140
0,300,Event -141,0.0,1,No Pruning,-141
0,300,Event -142,0.0,1,No Pruning,-142
0,300,Event -143,0.0,1,No Pruning,-143
0,300,Event -144,0.0,1,No Pruning,-144
0,300,Event -145,0.0,1,No Pruning,-145
0,300,Event -146,0.0,1,No Pruning,-146
0,300,Event -147,0.0,1,No Pruning,-147
0,300,Event -148,0.0,1,No Pruning,-148
0,300,Event -149,0.0,1,No Pruning,-149
0,300,Event -150,0.0007191386386065042,1,No Pruning,-150
0,300,Event -151,0.0007271160405669148,1,No Pruning,-151
0,300,Event -152,0.0006868909737865097,1,No Pruning,-152
0,300,Event -153,0.0,1,No Pruning,-153
0,300,Event -154,0.0005471904691125548,1,No Pruning,-154
0,300,Event -155,0.00017492914291963497,1,No Pruning,-155
0,300,Event -156,0.0015015474562394438,1,No Pruning,-156
0,300,Event -157,0.0,1,No Pruning,-157
0,300,Event -158,0.0,1,No Pruning,-158
0,300,Event -159,0.0019607483939634313,1,No Pruning,-159
0,300,Event -160,0.0019011256089192874,1,No Pruning,-160
0,300,Event -161,0.0,1,No Pruning,-161
0,300,Event -162,0.0020615355100675804,1,No Pruning,-162
0,300,Event -163,0.0,1,No Pruning,-163
0,300,Event -164,0.0,1,No Pruning,-164
0,300,Event -165,0.0,1,No Pruning,-165
0,300,Event -166,0.0,1,No Pruning,-166
0,300,Event -167,0.0,1,No Pruning,-167
0,300,Event -168,0.0,1,No Pruning,-168
0,300,Event -169,0.0,1,No Pruning,-169
0,300,Event -170,0.0,1,No Pruning,-170
0,300,Event -171,0.0,1,No Pruning,-171
0,300,Event -172,0.0003608554201689831,1,No Pruning,-172
0,300,Event -173,0.0,1,No Pruning,-173
0,300,Event -174,0.0006285880127585421,1,No Pruning,-174
0,300,Event -175,0.0,1,No Pruning,-175
0,300,Event -176,0.0,1,No Pruning,-176
0,300,Event -177,0.0,1,No Pruning,-177
0,300,Event -178,0.001187435303649593,1,No Pruning,-178
0,300,Event -179,-0.001607519252752938,1,No Pruning,-179
0,300,Event -180,-0.00036914949224659216,1,No Pruning,-180
0,300,Event -181,0.001544574875479829,1,No Pruning,-181
0,300,Event -182,0.0,1,No Pruning,-182
0,300,Event -183,0.0,1,No Pruning,-183
0,300,Event -184,0.0,1,No Pruning,-184
0,300,Event -185,0.0007328027842836495,1,No Pruning,-185
0,300,Event -186,0.0009399190469629614,1,No Pruning,-186
0,300,Event -187,0.00028692178402729473,1,No Pruning,-187
0,300,Event -188,0.0,1,No Pruning,-188
0,300,Event -189,0.0007692473752595367,1,No Pruning,-189
0,300,Event -190,0.0006398265829820943,1,No Pruning,-190
0,300,Event -191,0.0006490391612106987,1,No Pruning,-191
0,300,Event -192,-0.002647260254832021,1,No Pruning,-192
0,300,Event -193,0.0,1,No Pruning,-193
0,300,Event -194,0.0017235457056070291,1,No Pruning,-194
0,300,Event -195,-0.0008079542892878181,1,No Pruning,-195
0,300,Event -196,0.0,1,No Pruning,-196
0,300,Event -197,0.0,1,No Pruning,-197
0,300,Event -198,0.0,1,No Pruning,-198
0,300,Event -199,-0.004865355284065474,1,No Pruning,-199
0,300,Event -200,0.0,1,No Pruning,-200
0,300,Event -1,-0.0004075303830152253,2,No Pruning,-1
0,300,Event -2,0.0,2,No Pruning,-2
0,300,Event -3,0.002097196586488149,2,No Pruning,-3
0,300,Event -4,0.0,2,No Pruning,-4
0,300,Event -5,0.0,2,No Pruning,-5
0,300,Event -6,0.0,2,No Pruning,-6
0,300,Event -7,-0.0009255733727441886,2,No Pruning,-7
0,300,Event -8,0.003241232567587508,2,No Pruning,-8
0,300,Event -9,0.0,2,No Pruning,-9
0,300,Event -10,0.0,2,No Pruning,-10
0,300,Event -11,0.001243138836171607,2,No Pruning,-11
0,300,Event -12,0.0006899163389316959,2,No Pruning,-12
0,300,Event -13,0.0005656382138812213,2,No Pruning,-13
0,300,Event -14,0.0,2,No Pruning,-14
0,300,Event -15,0.0,2,No Pruning,-15
0,300,Event -16,0.0,2,No Pruning,-16
0,300,Event -17,0.0,2,No Pruning,-17
0,300,Event -18,0.0,2,No Pruning,-18
0,300,Event -19,0.0,2,No Pruning,-19
0,300,Event -20,0.0,2,No Pruning,-20
0,300,Event -21,0.0004938341306929139,2,No Pruning,-21
0,300,Event -22,0.0,2,No Pruning,-22
0,300,Event -23,9.751853308202557e-05,2,No Pruning,-23
0,300,Event -24,0.0,2,No Pruning,-24
0,300,Event -25,-0.0010871682210414403,2,No Pruning,-25
0,300,Event -26,0.0,2,No Pruning,-26
0,300,Event -27,0.0017635312148772202,2,No Pruning,-27
0,300,Event -28,-0.0008228878676275687,2,No Pruning,-28
0,300,Event -29,0.0,2,No Pruning,-29
0,300,Event -30,-0.0018355711675199038,2,No Pruning,-30
0,300,Event -31,0.0007656314055126291,2,No Pruning,-31
0,300,Event -32,0.0,2,No Pruning,-32
0,300,Event -33,0.001316935676564748,2,No Pruning,-33
0,300,Event -34,0.0,2,No Pruning,-34
0,300,Event -35,0.0,2,No Pruning,-35
0,300,Event -36,0.0,2,No Pruning,-36
0,300,Event -37,-0.0017762227234179332,2,No Pruning,-37
0,300,Event -38,0.0,2,No Pruning,-38
0,300,Event -39,0.0005115987533945319,2,No Pruning,-39
0,300,Event -40,0.0009137377270972055,2,No Pruning,-40
0,300,Event -41,0.0,2,No Pruning,-41
0,300,Event -42,0.0019369587158575255,2,No Pruning,-42
0,300,Event -43,0.0,2,No Pruning,-43
0,300,Event -44,0.0,2,No Pruning,-44
0,300,Event -45,0.0,2,No Pruning,-45
0,300,Event -46,0.0,2,No Pruning,-46
0,300,Event -47,0.0014071485114141098,2,No Pruning,-47
0,300,Event -48,-0.001160154603753475,2,No Pruning,-48
0,300,Event -49,-0.00018859859922737779,2,No Pruning,-49
0,300,Event -50,-0.0008880710968249367,2,No Pruning,-50
0,300,Event -51,0.0011867154984562228,2,No Pruning,-51
0,300,Event -52,-0.004505083467853983,2,No Pruning,-52
0,300,Event -53,0.0,2,No Pruning,-53
0,300,Event -54,-0.000420304347327584,2,No Pruning,-54
0,300,Event -55,0.0,2,No Pruning,-55
0,300,Event -56,0.001288845376825667,2,No Pruning,-56
0,300,Event -57,0.0,2,No Pruning,-57
0,300,Event -58,0.0,2,No Pruning,-58
0,300,Event -59,0.0,2,No Pruning,-59
0,300,Event -60,0.0,2,No Pruning,-60
0,300,Event -61,0.0,2,No Pruning,-61
0,300,Event -62,-0.0015363180201261213,2,No Pruning,-62
0,300,Event -63,0.0,2,No Pruning,-63
0,300,Event -64,0.0012211939386931998,2,No Pruning,-64
0,300,Event -65,-0.00018329268218643898,2,No Pruning,-65
0,300,Event -66,0.0,2,No Pruning,-66
0,300,Event -67,0.0,2,No Pruning,-67
0,300,Event -68,0.0,2,No Pruning,-68
0,300,Event -69,0.0,2,No Pruning,-69
0,300,Event -70,0.0,2,No Pruning,-70
0,300,Event -71,0.0006819158636017701,2,No Pruning,-71
0,300,Event -72,0.0,2,No Pruning,-72
0,300,Event -73,0.0009668164288426018,2,No Pruning,-73
0,300,Event -74,0.001624528805827202,2,No Pruning,-74
0,300,Event -75,0.0,2,No Pruning,-75
0,300,Event -76,-0.0009469255895386364,2,No Pruning,-76
0,300,Event -77,0.0003887101573487304,2,No Pruning,-77
0,300,Event -78,0.00309421822842259,2,No Pruning,-78
0,300,Event -79,0.0,2,No Pruning,-79
0,300,Event -80,0.0008728605289055998,2,No Pruning,-80
0,300,Event -81,0.0,2,No Pruning,-81
0,300,Event -82,0.0,2,No Pruning,-82
0,300,Event -83,0.0,2,No Pruning,-83
0,300,Event -84,0.0,2,No Pruning,-84
0,300,Event -85,-0.0004316005775576544,2,No Pruning,-85
0,300,Event -86,0.0,2,No Pruning,-86
0,300,Event -87,0.0012885586259206141,2,No Pruning,-87
0,300,Event -88,-0.0005479905220599106,2,No Pruning,-88
0,300,Event -89,0.0006946898096237946,2,No Pruning,-89
0,300,Event -90,0.0,2,No Pruning,-90
0,300,Event -91,0.0006339610916924664,2,No Pruning,-91
0,300,Event -92,0.0,2,No Pruning,-92
0,300,Event -93,0.0003836329654201458,2,No Pruning,-93
0,300,Event -94,-0.001894331517508242,2,No Pruning,-94
0,300,Event -95,0.0012437539715813095,2,No Pruning,-95
0,300,Event -96,-1.3741234754681465e-06,2,No Pruning,-96
0,300,Event -97,0.0,2,No Pruning,-97
0,300,Event -98,0.0,2,No Pruning,-98
0,300,Event -99,0.0,2,No Pruning,-99
0,300,Event -100,0.0012279711176270793,2,No Pruning,-100
0,300,Event -101,0.0,2,No Pruning,-101
0,300,Event -102,0.0,2,No Pruning,-102
0,300,Event -103,0.0,2,No Pruning,-103
0,300,Event -104,0.0,2,No Pruning,-104
0,300,Event -105,-0.0005302055149227732,2,No Pruning,-105
0,300,Event -106,0.0,2,No Pruning,-106
0,300,Event -107,0.0,2,No Pruning,-107
0,300,Event -108,0.0008405459909148733,2,No Pruning,-108
0,300,Event -109,-0.00014401544445448192,2,No Pruning,-109
0,300,Event -110,0.0,2,No Pruning,-110
0,300,Event -111,0.0,2,No Pruning,-111
0,300,Event -112,0.0,2,No Pruning,-112
0,300,Event -113,-0.0010526576483389845,2,No Pruning,-113
0,300,Event -114,0.0012187432802230785,2,No Pruning,-114
0,300,Event -115,0.0016207130359669906,2,No Pruning,-115
0,300,Event -116,0.0,2,No Pruning,-116
0,300,Event -117,0.0007696279601725857,2,No Pruning,-117
0,300,Event -118,0.0,2,No Pruning,-118
0,300,Event -119,0.0005268168981352807,2,No Pruning,-119
0,300,Event -120,0.0,2,No Pruning,-120
0,300,Event -121,0.0,2,No Pruning,-121
0,300,Event -122,-0.0005740550994936309,2,No Pruning,-122
0,300,Event -123,0.0011635727586251834,2,No Pruning,-123
0,300,Event -124,-0.0002602360755089845,2,No Pruning,-124
0,300,Event -125,0.001086273499852615,2,No Pruning,-125
0,300,Event -126,0.0,2,No Pruning,-126
0,300,Event -127,0.0,2,No Pruning,-127
0,300,Event -128,-0.0003300266309000078,2,No Pruning,-128
0,300,Event -129,0.00012843004723158173,2,No Pruning,-129
0,300,Event -130,-0.0016853328809598928,2,No Pruning,-130
0,300,Event -131,7.06298771405733e-06,2,No Pruning,-131
0,300,Event -132,-0.0007370459899400499,2,No Pruning,-132
0,300,Event -133,0.00010614435189779964,2,No Pruning,-133
0,300,Event -134,-0.0021157257132518262,2,No Pruning,-134
0,300,Event -135,0.0,2,No Pruning,-135
0,300,Event -136,-0.002848867687075812,2,No Pruning,-136
0,300,Event -137,-0.0005630144494267796,2,No Pruning,-137
0,300,Event -138,0.0,2,No Pruning,-138
0,300,Event -139,-0.0019553668188979694,2,No Pruning,-139
0,300,Event -140,-0.0025315089385992205,2,No Pruning,-140
0,300,Event -141,0.0,2,No Pruning,-141
0,300,Event -142,-0.0009881629625311885,2,No Pruning,-142
0,300,Event -143,0.0,2,No Pruning,-143
0,300,Event -144,-0.0013736901409507187,2,No Pruning,-144
0,300,Event -145,0.0,2,No Pruning,-145
0,300,Event -146,0.00048624769944782847,2,No Pruning,-146
0,300,Event -147,-0.00015818220870676802,2,No Pruning,-147
0,300,Event -148,0.0,2,No Pruning,-148
0,300,Event -149,0.0,2,No Pruning,-149
0,300,Event -150,0.0,2,No Pruning,-150
0,300,Event -151,0.0019499015791572514,2,No Pruning,-151
0,300,Event -152,0.00022440215111396564,2,No Pruning,-152
0,300,Event -153,0.0,2,No Pruning,-153
0,300,Event -154,0.0,2,No Pruning,-154
0,300,Event -155,0.0003007787612912951,2,No Pruning,-155
0,300,Event -156,0.0,2,No Pruning,-156
0,300,Event -157,0.0,2,No Pruning,-157
0,300,Event -158,0.0,2,No Pruning,-158
0,300,Event -159,0.0,2,No Pruning,-159
0,300,Event -160,0.0,2,No Pruning,-160
0,300,Event -161,0.0,2,No Pruning,-161
0,300,Event -162,0.0009063969512476156,2,No Pruning,-162
0,300,Event -163,0.0,2,No Pruning,-163
0,300,Event -164,0.0,2,No Pruning,-164
0,300,Event -165,0.0004176308359323389,2,No Pruning,-165
0,300,Event -166,0.0,2,No Pruning,-166
0,300,Event -167,0.0,2,No Pruning,-167
0,300,Event -168,0.0,2,No Pruning,-168
0,300,Event -169,0.0,2,No Pruning,-169
0,300,Event -170,0.0,2,No Pruning,-170
0,300,Event -171,0.000982956951138812,2,No Pruning,-171
0,300,Event -172,0.0,2,No Pruning,-172
0,300,Event -173,-0.0028882722478355666,2,No Pruning,-173
0,300,Event -174,-0.001124201674722278,2,No Pruning,-174
0,300,Event -175,4.842571118169224e-05,2,No Pruning,-175
0,300,Event -176,-5.321337846542471e-05,2,No Pruning,-176
0,300,Event -177,0.0,2,No Pruning,-177
0,300,Event -178,0.00129358302318984,2,No Pruning,-178
0,300,Event -179,-0.0011636418672615549,2,No Pruning,-179
0,300,Event -180,0.0,2,No Pruning,-180
0,300,Event -181,0.0006964271856505009,2,No Pruning,-181
0,300,Event -182,-0.0006117887194177603,2,No Pruning,-182
0,300,Event -183,0.0017369543439561637,2,No Pruning,-183
0,300,Event -184,0.0,2,No Pruning,-184
0,300,Event -185,0.0,2,No Pruning,-185
0,300,Event -186,0.0008709952503307932,2,No Pruning,-186
0,300,Event -187,0.0,2,No Pruning,-187
0,300,Event -188,0.0,2,No Pruning,-188
0,300,Event -189,0.0,2,No Pruning,-189
0,300,Event -190,0.0,2,No Pruning,-190
0,300,Event -191,0.0007408168866143886,2,No Pruning,-191
0,300,Event -192,0.000893226031535556,2,No Pruning,-192
0,300,Event -193,0.0,2,No Pruning,-193
0,300,Event -194,0.0,2,No Pruning,-194
0,300,Event -195,0.0,2,No Pruning,-195
0,300,Event -196,0.0,2,No Pruning,-196
0,300,Event -197,0.0023302703558262753,2,No Pruning,-197
0,300,Event -198,0.0,2,No Pruning,-198
0,300,Event -199,-0.004720199273618435,2,No Pruning,-199
0,300,Event -200,0.0,2,No Pruning,-200
0,300,Event -1,0.0,3,No Pruning,-1
0,300,Event -2,0.0,3,No Pruning,-2
0,300,Event -3,0.0,3,No Pruning,-3
0,300,Event -4,0.0003871596201136194,3,No Pruning,-4
0,300,Event -5,0.0,3,No Pruning,-5
0,300,Event -6,-9.006960481556386e-05,3,No Pruning,-6
0,300,Event -7,0.0,3,No Pruning,-7
0,300,Event -8,-0.0005153296640844369,3,No Pruning,-8
0,300,Event -9,0.0,3,No Pruning,-9
0,300,Event -10,0.0,3,No Pruning,-10
0,300,Event -11,-0.0011351312364015903,3,No Pruning,-11
0,300,Event -12,-0.0006454884513541377,3,No Pruning,-12
0,300,Event -13,-0.0007929051918764835,3,No Pruning,-13
0,300,Event -14,0.0006961724898741049,3,No Pruning,-14
0,300,Event -15,0.0003348288321616509,3,No Pruning,-15
0,300,Event -16,0.0,3,No Pruning,-16
0,300,Event -17,-0.00037602726929456855,3,No Pruning,-17
0,300,Event -18,-0.0004369868773599177,3,No Pruning,-18
0,300,Event -19,0.00018609769914396807,3,No Pruning,-19
0,300,Event -20,-0.000686305831177448,3,No Pruning,-20
0,300,Event -21,0.0,3,No Pruning,-21
0,300,Event -22,0.0,3,No Pruning,-22
0,300,Event -23,0.0,3,No Pruning,-23
0,300,Event -24,-0.0005217188599943093,3,No Pruning,-24
0,300,Event -25,0.0,3,No Pruning,-25
0,300,Event -26,0.0,3,No Pruning,-26
0,300,Event -27,0.0,3,No Pruning,-27
0,300,Event -28,0.00010259844906347626,3,No Pruning,-28
0,300,Event -29,-0.0005615225546242403,3,No Pruning,-29
0,300,Event -30,0.0007415576250539013,3,No Pruning,-30
0,300,Event -31,0.0,3,No Pruning,-31
0,300,Event -32,0.0,3,No Pruning,-32
0,300,Event -33,0.0004096358922471583,3,No Pruning,-33
0,300,Event -34,0.0,3,No Pruning,-34
0,300,Event -35,0.0,3,No Pruning,-35
0,300,Event -36,0.0016713584816849224,3,No Pruning,-36
0,300,Event -37,0.0009584394409546705,3,No Pruning,-37
0,300,Event -38,0.0,3,No Pruning,-38
0,300,Event -39,-0.00011377037527501507,3,No Pruning,-39
0,300,Event -40,9.842601257324668e-06,3,No Pruning,-40
0,300,Event -41,0.0,3,No Pruning,-41
0,300,Event -42,-0.0006922302067056685,3,No Pruning,-42
0,300,Event -43,0.0,3,No Pruning,-43
0,300,Event -44,0.0,3,No Pruning,-44
0,300,Event -45,-0.001346251548673046,3,No Pruning,-45
0,300,Event -46,-0.000950654177417634,3,No Pruning,-46
0,300,Event -47,0.0,3,No Pruning,-47
0,300,Event -48,0.0003082773291635636,3,No Pruning,-48
0,300,Event -49,0.0,3,No Pruning,-49
0,300,Event -50,0.0,3,No Pruning,-50
0,300,Event -51,0.0,3,No Pruning,-51
0,300,Event -52,0.0,3,No Pruning,-52
0,300,Event -53,0.00012827527521085125,3,No Pruning,-53
0,300,Event -54,0.0023541595159466133,3,No Pruning,-54
0,300,Event -55,0.0,3,No Pruning,-55
0,300,Event -56,-0.00030848829972491415,3,No Pruning,-56
0,300,Event -57,0.0,3,No Pruning,-57
0,300,Event -58,0.000245213519390791,3,No Pruning,-58
0,300,Event -59,0.0,3,No Pruning,-59
0,300,Event -60,-0.0005140856925506636,3,No Pruning,-60
0,300,Event -61,0.00018303003184142776,3,No Pruning,-61
0,300,Event -62,0.0,3,No Pruning,-62
0,300,Event -63,0.0,3,No Pruning,-63
0,300,Event -64,-0.0002359548699125344,3,No Pruning,-64
0,300,Event -65,0.0,3,No Pruning,-65
0,300,Event -66,0.0,3,No Pruning,-66
0,300,Event -67,0.00012190677399922384,3,No Pruning,-67
0,300,Event -68,0.0,3,No Pruning,-68
0,300,Event -69,-0.0004838788356492157,3,No Pruning,-69
0,300,Event -70,0.0,3,No Pruning,-70
0,300,Event -71,0.00020978000922966533,3,No Pruning,-71
0,300,Event -72,0.0,3,No Pruning,-72
0,300,Event -73,0.0,3,No Pruning,-73
0,300,Event -74,0.0,3,No Pruning,-74
0,300,Event -75,0.00039313744881331464,3,No Pruning,-75
0,300,Event -76,0.00043659130426336804,3,No Pruning,-76
0,300,Event -77,0.0007170001956132883,3,No Pruning,-77
0,300,Event -78,0.0,3,No Pruning,-78
0,300,Event -79,0.0,3,No Pruning,-79
0,300,Event -80,0.0,3,No Pruning,-80
0,300,Event -81,-0.0003938522373320621,3,No Pruning,-81
0,300,Event -82,0.0,3,No Pruning,-82
0,300,Event -83,0.0,3,No Pruning,-83
0,300,Event -84,0.0,3,No Pruning,-84
0,300,Event -85,0.0,3,No Pruning,-85
0,300,Event -86,0.0,3,No Pruning,-86
0,300,Event -87,-0.0009332852491231985,3,No Pruning,-87
0,300,Event -88,-0.0005028097400022139,3,No Pruning,-88
0,300,Event -89,0.0,3,No Pruning,-89
0,300,Event -90,0.0,3,No Pruning,-90
0,300,Event -91,0.0,3,No Pruning,-91
0,300,Event -92,-0.0005346152836404189,3,No Pruning,-92
0,300,Event -93,0.0004174946159873974,3,No Pruning,-93
0,300,Event -94,0.0008018623213768283,3,No Pruning,-94
0,300,Event -95,0.0006816050014430211,3,No Pruning,-95
0,300,Event -96,0.0,3,No Pruning,-96
0,300,Event -97,0.0,3,No Pruning,-97
0,300,Event -98,0.0003204005547786763,3,No Pruning,-98
0,300,Event -99,-0.00032686369181866154,3,No Pruning,-99
0,300,Event -100,-0.0004303035119160442,3,No Pruning,-100
0,300,Event -101,-0.0005300093426113608,3,No Pruning,-101
0,300,Event -102,0.00013244037185319857,3,No Pruning,-102
0,300,Event -103,0.0,3,No Pruning,-103
0,300,Event -104,0.0,3,No Pruning,-104
0,300,Event -105,0.0,3,No Pruning,-105
0,300,Event -106,0.0,3,No Pruning,-106
0,300,Event -107,0.0004314682473780425,3,No Pruning,-107
0,300,Event -108,0.0,3,No Pruning,-108
0,300,Event -109,0.0,3,No Pruning,-109
0,300,Event -110,0.0,3,No Pruning,-110
0,300,Event -111,-0.0005362775323938286,3,No Pruning,-111
0,300,Event -112,-0.0007985948350438705,3,No Pruning,-112
0,300,Event -113,0.0,3,No Pruning,-113
0,300,Event -114,0.0,3,No Pruning,-114
0,300,Event -115,-0.0005902049167889334,3,No Pruning,-115
0,300,Event -116,0.0,3,No Pruning,-116
0,300,Event -117,0.0,3,No Pruning,-117
0,300,Event -118,0.0,3,No Pruning,-118
0,300,Event -119,-0.0004629747818681411,3,No Pruning,-119
0,300,Event -120,0.0,3,No Pruning,-120
0,300,Event -121,0.0,3,No Pruning,-121
0,300,Event -122,0.0,3,No Pruning,-122
0,300,Event -123,0.0,3,No Pruning,-123
0,300,Event -124,0.0,3,No Pruning,-124
0,300,Event -125,0.0,3,No Pruning,-125
0,300,Event -126,0.0,3,No Pruning,-126
0,300,Event -127,0.0,3,No Pruning,-127
0,300,Event -128,0.0,3,No Pruning,-128
0,300,Event -129,0.0,3,No Pruning,-129
0,300,Event -130,0.0,3,No Pruning,-130
0,300,Event -131,0.0006452153438302223,3,No Pruning,-131
0,300,Event -132,0.0,3,No Pruning,-132
0,300,Event -133,0.0,3,No Pruning,-133
0,300,Event -134,0.0,3,No Pruning,-134
0,300,Event -135,-0.00030676710153465167,3,No Pruning,-135
0,300,Event -136,0.0,3,No Pruning,-136
0,300,Event -137,0.0,3,No Pruning,-137
0,300,Event -138,0.0,3,No Pruning,-138
0,300,Event -139,0.0,3,No Pruning,-139
0,300,Event -140,0.0,3,No Pruning,-140
0,300,Event -141,0.001534113850723197,3,No Pruning,-141
0,300,Event -142,0.0,3,No Pruning,-142
0,300,Event -143,-0.0018762799571749589,3,No Pruning,-143
0,300,Event -144,-0.0009014908230809832,3,No Pruning,-144
0,300,Event -145,0.0,3,No Pruning,-145
0,300,Event -146,0.0,3,No Pruning,-146
0,300,Event -147,0.0,3,No Pruning,-147
0,300,Event -148,0.0,3,No Pruning,-148
0,300,Event -149,0.0,3,No Pruning,-149
0,300,Event -150,0.0,3,No Pruning,-150
0,300,Event -151,-0.0014166774601573288,3,No Pruning,-151
0,300,Event -152,0.0,3,No Pruning,-152
0,300,Event -153,0.0,3,No Pruning,-153
0,300,Event -154,0.0,3,No Pruning,-154
0,300,Event -155,8.835897562153687e-05,3,No Pruning,-155
0,300,Event -156,0.0,3,No Pruning,-156
0,300,Event -157,0.0,3,No Pruning,-157
0,300,Event -158,-0.0003199407655322603,3,No Pruning,-158
0,300,Event -159,0.0,3,No Pruning,-159
0,300,Event -160,-1.7430442275270797e-05,3,No Pruning,-160
0,300,Event -161,0.0,3,No Pruning,-161
0,300,Event -162,1.3928981617004552e-05,3,No Pruning,-162
0,300,Event -163,0.0,3,No Pruning,-163
0,300,Event -164,0.0,3,No Pruning,-164
0,300,Event -165,0.0016977219336389848,3,No Pruning,-165
0,300,Event -166,0.0,3,No Pruning,-166
0,300,Event -167,-9.420829403891315e-05,3,No Pruning,-167
0,300,Event -168,-0.0002749340562035463,3,No Pruning,-168
0,300,Event -169,0.0,3,No Pruning,-169
0,300,Event -170,0.0,3,No Pruning,-170
0,300,Event -171,0.0,3,No Pruning,-171
0,300,Event -172,0.0,3,No Pruning,-172
0,300,Event -173,-0.0012317955844079048,3,No Pruning,-173
0,300,Event -174,0.0,3,No Pruning,-174
0,300,Event -175,0.00013513667611291663,3,No Pruning,-175
0,300,Event -176,0.0,3,No Pruning,-176
0,300,Event -177,0.0,3,No Pruning,-177
0,300,Event -178,-0.0005269003156638669,3,No Pruning,-178
0,300,Event -179,0.0,3,No Pruning,-179
0,300,Event -180,0.000146327963103772,3,No Pruning,-180
0,300,Event -181,-0.0004191311976857563,3,No Pruning,-181
0,300,Event -182,0.0,3,No Pruning,-182
0,300,Event -183,0.0009294055727175447,3,No Pruning,-183
0,300,Event -184,0.0,3,No Pruning,-184
0,300,Event -185,0.0,3,No Pruning,-185
0,300,Event -186,-0.00044005825876103355,3,No Pruning,-186
0,300,Event -187,-9.82693414195825e-05,3,No Pruning,-187
0,300,Event -188,0.0,3,No Pruning,-188
0,300,Event -189,-0.0002166379997678783,3,No Pruning,-189
0,300,Event -190,-0.000977962422971693,3,No Pruning,-190
0,300,Event -191,0.0,3,No Pruning,-191
0,300,Event -192,0.0,3,No Pruning,-192
0,300,Event -193,-0.0002845719734353956,3,No Pruning,-193
0,300,Event -194,0.0,3,No Pruning,-194
0,300,Event -195,0.0,3,No Pruning,-195
0,300,Event -196,0.0,3,No Pruning,-196
0,300,Event -197,0.0,3,No Pruning,-197
0,300,Event -198,2.7483578870021383e-05,3,No Pruning,-198
0,300,Event -199,0.0,3,No Pruning,-199
0,300,Event -200,-0.0005271585327564464,3,No Pruning,-200
0,300,Event -1,0.0,4,No Pruning,-1
0,300,Event -2,0.0,4,No Pruning,-2
0,300,Event -3,0.0,4,No Pruning,-3
0,300,Event -4,0.0003773282471301598,4,No Pruning,-4
0,300,Event -5,0.0020800024994337488,4,No Pruning,-5
0,300,Event -6,0.0,4,No Pruning,-6
0,300,Event -7,0.0009813900982112264,4,No Pruning,-7
0,300,Event -8,0.0,4,No Pruning,-8
0,300,Event -9,-0.0007464192893264724,4,No Pruning,-9
0,300,Event -10,0.0008743232483867285,4,No Pruning,-10
0,300,Event -11,0.0009269086460036973,4,No Pruning,-11
0,300,Event -12,0.0,4,No Pruning,-12
0,300,Event -13,0.0,4,No Pruning,-13
0,300,Event -14,-7.585891594664648e-05,4,No Pruning,-14
0,300,Event -15,0.0009438894539085321,4,No Pruning,-15
0,300,Event -16,0.0011353869283893814,4,No Pruning,-16
0,300,Event -17,0.0,4,No Pruning,-17
0,300,Event -18,0.0,4,No Pruning,-18
0,300,Event -19,0.0,4,No Pruning,-19
0,300,Event -20,0.0005265577628233201,4,No Pruning,-20
0,300,Event -21,0.0,4,No Pruning,-21
0,300,Event -22,0.0,4,No Pruning,-22
0,300,Event -23,0.0010299779184055448,4,No Pruning,-23
0,300,Event -24,0.001370606311629546,4,No Pruning,-24
0,300,Event -25,0.0,4,No Pruning,-25
0,300,Event -26,0.0,4,No Pruning,-26
0,300,Event -27,0.0002251630513589193,4,No Pruning,-27
0,300,Event -28,0.0,4,No Pruning,-28
0,300,Event -29,0.0,4,No Pruning,-29
0,300,Event -30,0.0,4,No Pruning,-30
0,300,Event -31,0.0015684498126487915,4,No Pruning,-31
0,300,Event -32,0.0,4,No Pruning,-32
0,300,Event -33,0.0,4,No Pruning,-33
0,300,Event -34,0.0,4,No Pruning,-34
0,300,Event -35,0.0,4,No Pruning,-35
0,300,Event -36,0.0,4,No Pruning,-36
0,300,Event -37,0.0,4,No Pruning,-37
0,300,Event -38,0.0,4,No Pruning,-38
0,300,Event -39,0.0,4,No Pruning,-39
0,300,Event -40,0.0,4,No Pruning,-40
0,300,Event -41,0.0,4,No Pruning,-41
0,300,Event -42,0.0,4,No Pruning,-42
0,300,Event -43,0.0,4,No Pruning,-43
0,300,Event -44,0.0,4,No Pruning,-44
0,300,Event -45,0.0011626857967764496,4,No Pruning,-45
0,300,Event -46,-0.0005130516108724989,4,No Pruning,-46
0,300,Event -47,0.0,4,No Pruning,-47
0,300,Event -48,0.0,4,No Pruning,-48
0,300,Event -49,0.0,4,No Pruning,-49
0,300,Event -50,0.0,4,No Pruning,-50
0,300,Event -51,0.001773262293963674,4,No Pruning,-51
0,300,Event -52,0.0,4,No Pruning,-52
0,300,Event -53,0.0,4,No Pruning,-53
0,300,Event -54,0.0,4,No Pruning,-54
0,300,Event -55,0.0,4,No Pruning,-55
0,300,Event -56,0.0,4,No Pruning,-56
0,300,Event -57,0.0,4,No Pruning,-57
0,300,Event -58,0.0,4,No Pruning,-58
0,300,Event -59,0.0,4,No Pruning,-59
0,300,Event -60,0.0,4,No Pruning,-60
0,300,Event -61,0.0,4,No Pruning,-61
0,300,Event -62,0.0,4,No Pruning,-62
0,300,Event -63,0.0,4,No Pruning,-63
0,300,Event -64,0.0005918538611575166,4,No Pruning,-64
0,300,Event -65,0.0,4,No Pruning,-65
0,300,Event -66,0.0,4,No Pruning,-66
0,300,Event -67,0.0,4,No Pruning,-67
0,300,Event -68,0.0,4,No Pruning,-68
0,300,Event -69,0.0,4,No Pruning,-69
0,300,Event -70,0.0,4,No Pruning,-70
0,300,Event -71,0.0,4,No Pruning,-71
0,300,Event -72,0.0,4,No Pruning,-72
0,300,Event -73,0.0,4,No Pruning,-73
0,300,Event -74,0.0,4,No Pruning,-74
0,300,Event -75,0.0,4,No Pruning,-75
0,300,Event -76,0.0,4,No Pruning,-76
0,300,Event -77,0.00235899491407803,4,No Pruning,-77
0,300,Event -78,0.0017926963589515372,4,No Pruning,-78
0,300,Event -79,6.525231204735759e-06,4,No Pruning,-79
0,300,Event -80,0.0,4,No Pruning,-80
0,300,Event -81,0.0,4,No Pruning,-81
0,300,Event -82,-7.079822166888242e-05,4,No Pruning,-82
0,300,Event -83,0.0,4,No Pruning,-83
0,300,Event -84,0.0,4,No Pruning,-84
0,300,Event -85,0.0,4,No Pruning,-85
0,300,Event -86,0.0,4,No Pruning,-86
0,300,Event -87,0.0,4,No Pruning,-87
0,300,Event -88,0.0,4,No Pruning,-88
0,300,Event -89,0.0005793147713239036,4,No Pruning,-89
0,300,Event -90,0.0,4,No Pruning,-90
0,300,Event -91,0.0,4,No Pruning,-91
0,300,Event -92,0.0,4,No Pruning,-92
0,300,Event -93,0.0,4,No Pruning,-93
0,300,Event -94,0.0,4,No Pruning,-94
0,300,Event -95,0.0,4,No Pruning,-95
0,300,Event -96,0.0,4,No Pruning,-96
0,300,Event -97,0.0,4,No Pruning,-97
0,300,Event -98,0.0,4,No Pruning,-98
0,300,Event -99,0.0,4,No Pruning,-99
0,300,Event -100,0.0004995778805228935,4,No Pruning,-100
0,300,Event -101,0.0,4,No Pruning,-101
0,300,Event -102,0.0,4,No Pruning,-102
0,300,Event -103,0.0,4,No Pruning,-103
0,300,Event -104,0.0,4,No Pruning,-104
0,300,Event -105,0.0,4,No Pruning,-105
0,300,Event -106,0.0013043290965396694,4,No Pruning,-106
0,300,Event -107,0.0,4,No Pruning,-107
0,300,Event -108,0.0008068644963871441,4,No Pruning,-108
0,300,Event -109,0.0,4,No Pruning,-109
0,300,Event -110,0.0,4,No Pruning,-110
0,300,Event -111,0.0,4,No Pruning,-111
0,300,Event -112,0.0008472724401186336,4,No Pruning,-112
0,300,Event -113,0.0,4,No Pruning,-113
0,300,Event -114,0.00102826011390242,4,No Pruning,-114
0,300,Event -115,0.0,4,No Pruning,-115
0,300,Event -116,0.0008260209606550696,4,No Pruning,-116
0,300,Event -117,0.0,4,No Pruning,-117
0,300,Event -118,0.0,4,No Pruning,-118
0,300,Event -119,0.0,4,No Pruning,-119
0,300,Event -120,0.00025452948153710866,4,No Pruning,-120
0,300,Event -121,0.00017525874829886338,4,No Pruning,-121
0,300,Event -122,0.0,4,No Pruning,-122
0,300,Event -123,0.0,4,No Pruning,-123
0,300,Event -124,0.0007106820226990516,4,No Pruning,-124
0,300,Event -125,0.0,4,No Pruning,-125
0,300,Event -126,0.0,4,No Pruning,-126
0,300,Event -127,0.0,4,No Pruning,-127
0,300,Event -128,0.0,4,No Pruning,-128
0,300,Event -129,0.0005940018044274676,4,No Pruning,-129
0,300,Event -130,-0.0001357915217691727,4,No Pruning,-130
0,300,Event -131,9.107300045855908e-05,4,No Pruning,-131
0,300,Event -132,0.0,4,No Pruning,-132
0,300,Event -133,0.0,4,No Pruning,-133
0,300,Event -134,0.0014278943572040813,4,No Pruning,-134
0,300,Event -135,0.0,4,No Pruning,-135
0,300,Event -136,0.0,4,No Pruning,-136
0,300,Event -137,0.0,4,No Pruning,-137
0,300,Event -138,0.00012483635660533155,4,No Pruning,-138
0,300,Event -139,0.0,4,No Pruning,-139
0,300,Event -140,0.0,4,No Pruning,-140
0,300,Event -141,0.0,4,No Pruning,-141
0,300,Event -142,0.0,4,No Pruning,-142
0,300,Event -143,0.0031903266772243533,4,No Pruning,-143
0,300,Event -144,0.0,4,No Pruning,-144
0,300,Event -145,0.0,4,No Pruning,-145
0,300,Event -146,0.0,4,No Pruning,-146
0,300,Event -147,0.0,4,No Pruning,-147
0,300,Event -148,0.0,4,No Pruning,-148
0,300,Event -149,0.0,4,No Pruning,-149
0,300,Event -150,0.0,4,No Pruning,-150
0,300,Event -151,0.00038246042510763946,4,No Pruning,-151
0,300,Event -152,0.0,4,No Pruning,-152
0,300,Event -153,0.0,4,No Pruning,-153
0,300,Event -154,0.0,4,No Pruning,-154
0,300,Event -155,0.0,4,No Pruning,-155
0,300,Event -156,9.035443055898165e-05,4,No Pruning,-156
0,300,Event -157,0.0,4,No Pruning,-157
0,300,Event -158,0.0,4,No Pruning,-158
0,300,Event -159,0.001402464340023433,4,No Pruning,-159
0,300,Event -160,0.0008776064984887984,4,No Pruning,-160
0,300,Event -161,0.0,4,No Pruning,-161
0,300,Event -162,0.0,4,No Pruning,-162
0,300,Event -163,0.0009031686222990207,4,No Pruning,-163
0,300,Event -164,0.0,4,No Pruning,-164
0,300,Event -165,0.0017932019877502942,4,No Pruning,-165
0,300,Event -166,0.0,4,No Pruning,-166
0,300,Event -167,0.0007167589392675462,4,No Pruning,-167
0,300,Event -168,0.0,4,No Pruning,-168
0,300,Event -169,0.0,4,No Pruning,-169
0,300,Event -170,0.0,4,No Pruning,-170
0,300,Event -171,0.0,4,No Pruning,-171
0,300,Event -172,0.0,4,No Pruning,-172
0,300,Event -173,0.0,4,No Pruning,-173
0,300,Event -174,0.0,4,No Pruning,-174
0,300,Event -175,8.008943573984198e-05,4,No Pruning,-175
0,300,Event -176,0.0039748284106630675,4,No Pruning,-176
0,300,Event -177,0.0,4,No Pruning,-177
0,300,Event -178,0.002011691273299196,4,No Pruning,-178
0,300,Event -179,0.0,4,No Pruning,-179
0,300,Event -180,0.0,4,No Pruning,-180
0,300,Event -181,0.0008057454065887523,4,No Pruning,-181
0,300,Event -182,0.0,4,No Pruning,-182
0,300,Event -183,0.0,4,No Pruning,-183
0,300,Event -184,0.0,4,No Pruning,-184
0,300,Event -185,0.0,4,No Pruning,-185
0,300,Event -186,0.0004729861847278926,4,No Pruning,-186
0,300,Event -187,0.0,4,No Pruning,-187
0,300,Event -188,0.0,4,No Pruning,-188
0,300,Event -189,0.0,4,No Pruning,-189
0,300,Event -190,0.0014629668841673223,4,No Pruning,-190
0,300,Event -191,-0.00027728508910943375,4,No Pruning,-191
0,300,Event -192,-0.004000846385723705,4,No Pruning,-192
0,300,Event -193,0.0,4,No Pruning,-193
0,300,Event -194,0.0007158795620194197,4,No Pruning,-194
0,300,Event -195,0.0,4,No Pruning,-195
0,300,Event -196,0.0,4,No Pruning,-196
0,300,Event -197,0.0,4,No Pruning,-197
0,300,Event -198,0.0,4,No Pruning,-198
0,300,Event -199,0.0,4,No Pruning,-199
0,300,Event -200,0.00040197431929903105,4,No Pruning,-200
0,300,Event -1,0.0,5,No Pruning,-1
0,300,Event -2,0.0,5,No Pruning,-2
0,300,Event -3,0.0,5,No Pruning,-3
0,300,Event -4,0.0,5,No Pruning,-4
0,300,Event -5,0.0,5,No Pruning,-5
0,300,Event -6,0.0,5,No Pruning,-6
0,300,Event -7,0.00026477193701548996,5,No Pruning,-7
0,300,Event -8,0.0,5,No Pruning,-8
0,300,Event -9,0.0003325784223160294,5,No Pruning,-9
0,300,Event -10,0.0,5,No Pruning,-10
0,300,Event -11,0.0,5,No Pruning,-11
0,300,Event -12,0.0,5,No Pruning,-12
0,300,Event -13,0.0,5,No Pruning,-13
0,300,Event -14,0.0,5,No Pruning,-14
0,300,Event -15,0.0,5,No Pruning,-15
0,300,Event -16,0.0006931523975769807,5,No Pruning,-16
0,300,Event -17,0.0,5,No Pruning,-17
0,300,Event -18,0.0,5,No Pruning,-18
0,300,Event -19,0.0,5,No Pruning,-19
0,300,Event -20,0.0,5,No Pruning,-20
0,300,Event -21,0.0,5,No Pruning,-21
0,300,Event -22,0.00019535515371441048,5,No Pruning,-22
0,300,Event -23,0.0,5,No Pruning,-23
0,300,Event -24,0.001150770471777026,5,No Pruning,-24
0,300,Event -25,0.0004343951530481477,5,No Pruning,-25
0,300,Event -26,0.0011250204061915778,5,No Pruning,-26
0,300,Event -27,0.0,5,No Pruning,-27
0,300,Event -28,0.0,5,No Pruning,-28
0,300,Event -29,0.000843606863636312,5,No Pruning,-29
0,300,Event -30,0.0,5,No Pruning,-30
0,300,Event -31,0.0,5,No Pruning,-31
0,300,Event -32,0.0,5,No Pruning,-32
0,300,Event -33,0.0,5,No Pruning,-33
0,300,Event -34,0.0010385299208756152,5,No Pruning,-34
0,300,Event -35,0.00025453122505735004,5,No Pruning,-35
0,300,Event -36,-1.4767401283137527e-05,5,No Pruning,-36
0,300,Event -37,0.0,5,No Pruning,-37
0,300,Event -38,0.0,5,No Pruning,-38
0,300,Event -39,0.0,5,No Pruning,-39
0,300,Event -40,0.0,5,No Pruning,-40
0,300,Event -41,0.0,5,No Pruning,-41
0,300,Event -42,0.0001771164853443391,5,No Pruning,-42
0,300,Event -43,0.0,5,No Pruning,-43
0,300,Event -44,0.0,5,No Pruning,-44
0,300,Event -45,0.0,5,No Pruning,-45
0,300,Event -46,0.0,5,No Pruning,-46
0,300,Event -47,0.0005426160395746518,5,No Pruning,-47
0,300,Event -48,0.0,5,No Pruning,-48
0,300,Event -49,0.0,5,No Pruning,-49
0,300,Event -50,0.0,5,No Pruning,-50
0,300,Event -51,0.0005788599619415136,5,No Pruning,-51
0,300,Event -52,0.0,5,No Pruning,-52
0,300,Event -53,0.0,5,No Pruning,-53
0,300,Event -54,0.0,5,No Pruning,-54
0,300,Event -55,0.0,5,No Pruning,-55
0,300,Event -56,0.0,5,No Pruning,-56
0,300,Event -57,0.0001448339364250803,5,No Pruning,-57
0,300,Event -58,0.0,5,No Pruning,-58
0,300,Event -59,0.0,5,No Pruning,-59
0,300,Event -60,0.0,5,No Pruning,-60
0,300,Event -61,0.0,5,No Pruning,-61
0,300,Event -62,0.0017030867744594266,5,No Pruning,-62
0,300,Event -63,0.0,5,No Pruning,-63
0,300,Event -64,0.0,5,No Pruning,-64
0,300,Event -65,0.0,5,No Pruning,-65
0,300,Event -66,0.0,5,No Pruning,-66
0,300,Event -67,0.0,5,No Pruning,-67
0,300,Event -68,0.0,5,No Pruning,-68
0,300,Event -69,0.0,5,No Pruning,-69
0,300,Event -70,0.0,5,No Pruning,-70
0,300,Event -71,0.000105437216100881,5,No Pruning,-71
0,300,Event -72,0.0,5,No Pruning,-72
0,300,Event -73,0.0,5,No Pruning,-73
0,300,Event -74,9.438949801762742e-05,5,No Pruning,-74
0,300,Event -75,7.379482952610261e-05,5,No Pruning,-75
0,300,Event -76,0.0,5,No Pruning,-76
0,300,Event -77,0.0,5,No Pruning,-77
0,300,Event -78,0.0016272964954525482,5,No Pruning,-78
0,300,Event -79,0.0,5,No Pruning,-79
0,300,Event -80,0.0,5,No Pruning,-80
0,300,Event -81,0.0003423097067289313,5,No Pruning,-81
0,300,Event -82,0.0,5,No Pruning,-82
0,300,Event -83,0.0,5,No Pruning,-83
0,300,Event -84,0.0,5,No Pruning,-84
0,300,Event -85,0.0,5,No Pruning,-85
0,300,Event -86,0.0,5,No Pruning,-86
0,300,Event -87,0.0,5,No Pruning,-87
0,300,Event -88,0.0,5,No Pruning,-88
0,300,Event -89,0.0,5,No Pruning,-89
0,300,Event -90,0.0,5,No Pruning,-90
0,300,Event -91,0.0,5,No Pruning,-91
0,300,Event -92,0.0006371862950994081,5,No Pruning,-92
0,300,Event -93,0.0,5,No Pruning,-93
0,300,Event -94,0.0,5,No Pruning,-94
0,300,Event -95,0.0,5,No Pruning,-95
0,300,Event -96,0.0020219334832281416,5,No Pruning,-96
0,300,Event -97,0.0006412000191930809,5,No Pruning,-97
0,300,Event -98,0.0,5,No Pruning,-98
0,300,Event -99,0.0001592473948162712,5,No Pruning,-99
0,300,Event -100,0.0,5,No Pruning,-100
0,300,Event -101,0.0,5,No Pruning,-101
0,300,Event -102,0.0,5,No Pruning,-102
0,300,Event -103,0.0010632865808428184,5,No Pruning,-103
0,300,Event -104,0.0,5,No Pruning,-104
0,300,Event -105,0.0,5,No Pruning,-105
0,300,Event -106,0.0,5,No Pruning,-106
0,300,Event -107,0.0,5,No Pruning,-107
0,300,Event -108,0.0005624787498939039,5,No Pruning,-108
0,300,Event -109,-6.75998781182758e-05,5,No Pruning,-109
0,300,Event -110,0.0,5,No Pruning,-110
0,300,Event -111,5.316947172835651e-05,5,No Pruning,-111
0,300,Event -112,0.0,5,No Pruning,-112
0,300,Event -113,0.0,5,No Pruning,-113
0,300,Event -114,0.0015258115267173938,5,No Pruning,-114
0,300,Event -115,0.00034276043446091267,5,No Pruning,-115
0,300,Event -116,0.00026916254357175345,5,No Pruning,-116
0,300,Event -117,0.0,5,No Pruning,-117
0,300,Event -118,0.0,5,No Pruning,-118
0,300,Event -119,0.0004983988969552711,5,No Pruning,-119
0,300,Event -120,0.0,5,No Pruning,-120
0,300,Event -121,0.0,5,No Pruning,-121
0,300,Event -122,0.0,5,No Pruning,-122
0,300,Event -123,0.0,5,No Pruning,-123
0,300,Event -124,0.0012460331010576836,5,No Pruning,-124
0,300,Event -125,0.0008126886515834007,5,No Pruning,-125
0,300,Event -126,0.0,5,No Pruning,-126
0,300,Event -127,0.0,5,No Pruning,-127
0,300,Event -128,0.0,5,No Pruning,-128
0,300,Event -129,0.0,5,No Pruning,-129
0,300,Event -130,0.0015979716483405237,5,No Pruning,-130
0,300,Event -131,0.0,5,No Pruning,-131
0,300,Event -132,0.0010984054126615683,5,No Pruning,-132
0,300,Event -133,0.0,5,No Pruning,-133
0,300,Event -134,7.939414243167409e-05,5,No Pruning,-134
0,300,Event -135,0.0,5,No Pruning,-135
0,300,Event -136,0.0,5,No Pruning,-136
0,300,Event -137,0.0,5,No Pruning,-137
0,300,Event -138,0.0,5,No Pruning,-138
0,300,Event -139,0.0002912666726210683,5,No Pruning,-139
0,300,Event -140,0.0,5,No Pruning,-140
0,300,Event -141,0.0,5,No Pruning,-141
0,300,Event -142,0.0,5,No Pruning,-142
0,300,Event -143,0.000933445891528828,5,No Pruning,-143
0,300,Event -144,0.0,5,No Pruning,-144
0,300,Event -145,0.0,5,No Pruning,-145
0,300,Event -146,0.0,5,No Pruning,-146
0,300,Event -147,0.0,5,No Pruning,-147
0,300,Event -148,0.0,5,No Pruning,-148
0,300,Event -149,0.0,5,No Pruning,-149
0,300,Event -150,0.0,5,No Pruning,-150
0,300,Event -151,0.001058064739113851,5,No Pruning,-151
0,300,Event -152,0.0,5,No Pruning,-152
0,300,Event -153,0.0,5,No Pruning,-153
0,300,Event -154,8.88866571742003e-05,5,No Pruning,-154
0,300,Event -155,0.0,5,No Pruning,-155
0,300,Event -156,0.0005714813149425152,5,No Pruning,-156
0,300,Event -157,0.0008546113965020863,5,No Pruning,-157
0,300,Event -158,0.0012172926472517852,5,No Pruning,-158
0,300,Event -159,0.0,5,No Pruning,-159
0,300,Event -160,0.0,5,No Pruning,-160
0,300,Event -161,0.0008626121434770484,5,No Pruning,-161
0,300,Event -162,0.0,5,No Pruning,-162
0,300,Event -163,0.0,5,No Pruning,-163
0,300,Event -164,0.0,5,No Pruning,-164
0,300,Event -165,0.0005217123600810419,5,No Pruning,-165
0,300,Event -166,0.0,5,No Pruning,-166
0,300,Event -167,0.0,5,No Pruning,-167
0,300,Event -168,0.0,5,No Pruning,-168
0,300,Event -169,0.000307202494394046,5,No Pruning,-169
0,300,Event -170,0.0,5,No Pruning,-170
0,300,Event -171,0.0,5,No Pruning,-171
0,300,Event -172,0.0,5,No Pruning,-172
0,300,Event -173,0.0,5,No Pruning,-173
0,300,Event -174,0.0,5,No Pruning,-174
0,300,Event -175,0.0,5,No Pruning,-175
0,300,Event -176,0.0,5,No Pruning,-176
0,300,Event -177,0.0,5,No Pruning,-177
0,300,Event -178,0.0,5,No Pruning,-178
0,300,Event -179,0.0,5,No Pruning,-179
0,300,Event -180,0.0,5,No Pruning,-180
0,300,Event -181,0.0008306529013666561,5,No Pruning,-181
0,300,Event -182,0.0,5,No Pruning,-182
0,300,Event -183,0.0,5,No Pruning,-183
0,300,Event -184,0.0,5,No Pruning,-184
0,300,Event -185,0.0,5,No Pruning,-185
0,300,Event -186,0.0012942625322206296,5,No Pruning,-186
0,300,Event -187,0.0,5,No Pruning,-187
0,300,Event -188,0.0,5,No Pruning,-188
0,300,Event -189,0.0,5,No Pruning,-189
0,300,Event -190,0.0,5,No Pruning,-190
0,300,Event -191,0.0,5,No Pruning,-191
0,300,Event -192,0.0,5,No Pruning,-192
0,300,Event -193,0.0,5,No Pruning,-193
0,300,Event -194,0.0,5,No Pruning,-194
0,300,Event -195,-4.060007222275036e-05,5,No Pruning,-195
0,300,Event -196,0.0,5,No Pruning,-196
0,300,Event -197,0.0,5,No Pruning,-197
0,300,Event -198,0.0009221543142413149,5,No Pruning,-198
0,300,Event -199,0.0011342810864431452,5,No Pruning,-199
0,300,Event -200,0.0,5,No Pruning,-200
0,300,Event -1,0.0,6,No Pruning,-1
0,300,Event -2,0.0,6,No Pruning,-2
0,300,Event -3,0.0,6,No Pruning,-3
0,300,Event -4,0.0,6,No Pruning,-4
0,300,Event -5,0.0,6,No Pruning,-5
0,300,Event -6,0.0,6,No Pruning,-6
0,300,Event -7,0.0,6,No Pruning,-7
0,300,Event -8,0.0,6,No Pruning,-8
0,300,Event -9,0.0,6,No Pruning,-9
0,300,Event -10,0.0,6,No Pruning,-10
0,300,Event -11,0.0001694584136406204,6,No Pruning,-11
0,300,Event -12,0.0,6,No Pruning,-12
0,300,Event -13,0.0,6,No Pruning,-13
0,300,Event -14,0.0,6,No Pruning,-14
0,300,Event -15,0.0,6,No Pruning,-15
0,300,Event -16,0.0,6,No Pruning,-16
0,300,Event -17,0.0,6,No Pruning,-17
0,300,Event -18,0.0,6,No Pruning,-18
0,300,Event -19,0.0,6,No Pruning,-19
0,300,Event -20,0.0,6,No Pruning,-20
0,300,Event -21,5.082287697462731e-05,6,No Pruning,-21
0,300,Event -22,0.0,6,No Pruning,-22
0,300,Event -23,0.0,6,No Pruning,-23
0,300,Event -24,0.0003149843221529983,6,No Pruning,-24
0,300,Event -25,0.0,6,No Pruning,-25
0,300,Event -26,0.0,6,No Pruning,-26
0,300,Event -27,0.0,6,No Pruning,-27
0,300,Event -28,0.0,6,No Pruning,-28
0,300,Event -29,0.0,6,No Pruning,-29
0,300,Event -30,0.0,6,No Pruning,-30
0,300,Event -31,0.0,6,No Pruning,-31
0,300,Event -32,0.0,6,No Pruning,-32
0,300,Event -33,0.0,6,No Pruning,-33
0,300,Event -34,0.0,6,No Pruning,-34
0,300,Event -35,0.0,6,No Pruning,-35
0,300,Event -36,0.0,6,No Pruning,-36
0,300,Event -37,0.0,6,No Pruning,-37
0,300,Event -38,0.0,6,No Pruning,-38
0,300,Event -39,0.0,6,No Pruning,-39
0,300,Event -40,0.0,6,No Pruning,-40
0,300,Event -41,0.0,6,No Pruning,-41
0,300,Event -42,0.0,6,No Pruning,-42
0,300,Event -43,0.0,6,No Pruning,-43
0,300,Event -44,0.0002374423271444097,6,No Pruning,-44
0,300,Event -45,0.00024388507582808562,6,No Pruning,-45
0,300,Event -46,0.00046538067122868726,6,No Pruning,-46
0,300,Event -47,0.0,6,No Pruning,-47
0,300,Event -48,0.0,6,No Pruning,-48
0,300,Event -49,0.0,6,No Pruning,-49
0,300,Event -50,0.0,6,No Pruning,-50
0,300,Event -51,0.00046447487498429627,6,No Pruning,-51
0,300,Event -52,0.0,6,No Pruning,-52
0,300,Event -53,0.0,6,No Pruning,-53
0,300,Event -54,0.0,6,No Pruning,-54
0,300,Event -55,0.0,6,No Pruning,-55
0,300,Event -56,0.0,6,No Pruning,-56
0,300,Event -57,0.0,6,No Pruning,-57
0,300,Event -58,0.0,6,No Pruning,-58
0,300,Event -59,0.0,6,No Pruning,-59
0,300,Event -60,0.0,6,No Pruning,-60
0,300,Event -61,0.0,6,No Pruning,-61
0,300,Event -62,0.0,6,No Pruning,-62
0,300,Event -63,0.0,6,No Pruning,-63
0,300,Event -64,0.0,6,No Pruning,-64
0,300,Event -65,0.0,6,No Pruning,-65
0,300,Event -66,0.0,6,No Pruning,-66
0,300,Event -67,0.0,6,No Pruning,-67
0,300,Event -68,0.0,6,No Pruning,-68
0,300,Event -69,0.0,6,No Pruning,-69
0,300,Event -70,0.0,6,No Pruning,-70
0,300,Event -71,0.0,6,No Pruning,-71
0,300,Event -72,0.0,6,No Pruning,-72
0,300,Event -73,0.0,6,No Pruning,-73
0,300,Event -74,0.0,6,No Pruning,-74
0,300,Event -75,0.0,6,No Pruning,-75
0,300,Event -76,0.0,6,No Pruning,-76
0,300,Event -77,0.0,6,No Pruning,-77
0,300,Event -78,0.0007124912213218541,6,No Pruning,-78
0,300,Event -79,0.0,6,No Pruning,-79
0,300,Event -80,0.0,6,No Pruning,-80
0,300,Event -81,0.0,6,No Pruning,-81
0,300,Event -82,0.0,6,No Pruning,-82
0,300,Event -83,0.0,6,No Pruning,-83
0,300,Event -84,0.0,6,No Pruning,-84
0,300,Event -85,0.0,6,No Pruning,-85
0,300,Event -86,0.0,6,No Pruning,-86
0,300,Event -87,0.0,6,No Pruning,-87
0,300,Event -88,0.0,6,No Pruning,-88
0,300,Event -89,9.320472549483603e-05,6,No Pruning,-89
0,300,Event -90,0.0,6,No Pruning,-90
0,300,Event -91,0.0,6,No Pruning,-91
0,300,Event -92,0.0,6,No Pruning,-92
0,300,Event -93,0.0,6,No Pruning,-93
0,300,Event -94,0.0,6,No Pruning,-94
0,300,Event -95,0.0,6,No Pruning,-95
0,300,Event -96,0.0,6,No Pruning,-96
0,300,Event -97,0.0003386301184456057,6,No Pruning,-97
0,300,Event -98,0.0,6,No Pruning,-98
0,300,Event -99,0.0,6,No Pruning,-99
0,300,Event -100,0.0002159955529740065,6,No Pruning,-100
0,300,Event -101,0.0007666392714494358,6,No Pruning,-101
0,300,Event -102,0.0,6,No Pruning,-102
0,300,Event -103,0.0,6,No Pruning,-103
0,300,Event -104,0.0,6,No Pruning,-104
0,300,Event -105,0.0,6,No Pruning,-105
0,300,Event -106,0.0,6,No Pruning,-106
0,300,Event -107,0.0,6,No Pruning,-107
0,300,Event -108,0.0,6,No Pruning,-108
0,300,Event -109,0.0,6,No Pruning,-109
0,300,Event -110,0.00019322067961214263,6,No Pruning,-110
0,300,Event -111,0.0,6,No Pruning,-111
0,300,Event -112,0.0009575242887736989,6,No Pruning,-112
0,300,Event -113,0.0,6,No Pruning,-113
0,300,Event -114,0.0,6,No Pruning,-114
0,300,Event -115,0.0,6,No Pruning,-115
0,300,Event -116,0.0,6,No Pruning,-116
0,300,Event -117,0.0,6,No Pruning,-117
0,300,Event -118,0.0,6,No Pruning,-118
0,300,Event -119,0.0,6,No Pruning,-119
0,300,Event -120,0.0,6,No Pruning,-120
0,300,Event -121,0.0,6,No Pruning,-121
0,300,Event -122,0.0,6,No Pruning,-122
0,300,Event -123,0.0,6,No Pruning,-123
0,300,Event -124,0.0,6,No Pruning,-124
0,300,Event -125,0.0,6,No Pruning,-125
0,300,Event -126,0.0,6,No Pruning,-126
0,300,Event -127,0.0,6,No Pruning,-127
0,300,Event -128,0.0,6,No Pruning,-128
0,300,Event -129,0.0,6,No Pruning,-129
0,300,Event -130,0.0009059947196446475,6,No Pruning,-130
0,300,Event -131,4.739462287780974e-05,6,No Pruning,-131
0,300,Event -132,0.0,6,No Pruning,-132
0,300,Event -133,0.0,6,No Pruning,-133
0,300,Event -134,0.0,6,No Pruning,-134
0,300,Event -135,0.0,6,No Pruning,-135
0,300,Event -136,0.0,6,No Pruning,-136
0,300,Event -137,0.0,6,No Pruning,-137
0,300,Event -138,0.0,6,No Pruning,-138
0,300,Event -139,0.0,6,No Pruning,-139
0,300,Event -140,0.0,6,No Pruning,-140
0,300,Event -141,0.00022776526072445374,6,No Pruning,-141
0,300,Event -142,0.0,6,No Pruning,-142
0,300,Event -143,0.0,6,No Pruning,-143
0,300,Event -144,0.0,6,No Pruning,-144
0,300,Event -145,0.0,6,No Pruning,-145
0,300,Event -146,0.0,6,No Pruning,-146
0,300,Event -147,0.0,6,No Pruning,-147
0,300,Event -148,0.0,6,No Pruning,-148
0,300,Event -149,0.0,6,No Pruning,-149
0,300,Event -150,0.0,6,No Pruning,-150
0,300,Event -151,0.0,6,No Pruning,-151
0,300,Event -152,0.0,6,No Pruning,-152
0,300,Event -153,0.0,6,No Pruning,-153
0,300,Event -154,0.0,6,No Pruning,-154
0,300,Event -155,0.0,6,No Pruning,-155
0,300,Event -156,0.0,6,No Pruning,-156
0,300,Event -157,0.0,6,No Pruning,-157
0,300,Event -158,0.0,6,No Pruning,-158
0,300,Event -159,0.0,6,No Pruning,-159
0,300,Event -160,0.0,6,No Pruning,-160
0,300,Event -161,0.0,6,No Pruning,-161
0,300,Event -162,0.0001724987856872237,6,No Pruning,-162
0,300,Event -163,0.0,6,No Pruning,-163
0,300,Event -164,0.0,6,No Pruning,-164
0,300,Event -165,0.0,6,No Pruning,-165
0,300,Event -166,0.0,6,No Pruning,-166
0,300,Event -167,0.0,6,No Pruning,-167
0,300,Event -168,0.0,6,No Pruning,-168
0,300,Event -169,0.0,6,No Pruning,-169
0,300,Event -170,0.0,6,No Pruning,-170
0,300,Event -171,0.0,6,No Pruning,-171
0,300,Event -172,0.0,6,No Pruning,-172
0,300,Event -173,0.0,6,No Pruning,-173
0,300,Event -174,0.0,6,No Pruning,-174
0,300,Event -175,0.00018873135669649974,6,No Pruning,-175
0,300,Event -176,0.0,6,No Pruning,-176
0,300,Event -177,0.0,6,No Pruning,-177
0,300,Event -178,0.0,6,No Pruning,-178
0,300,Event -179,0.0,6,No Pruning,-179
0,300,Event -180,0.0,6,No Pruning,-180
0,300,Event -181,0.0,6,No Pruning,-181
0,300,Event -182,0.0,6,No Pruning,-182
0,300,Event -183,0.0,6,No Pruning,-183
0,300,Event -184,0.0,6,No Pruning,-184
0,300,Event -185,0.0,6,No Pruning,-185
0,300,Event -186,0.0,6,No Pruning,-186
0,300,Event -187,0.0,6,No Pruning,-187
0,300,Event -188,0.0,6,No Pruning,-188
0,300,Event -189,0.0,6,No Pruning,-189
0,300,Event -190,0.0,6,No Pruning,-190
0,300,Event -191,0.0,6,No Pruning,-191
0,300,Event -192,0.0,6,No Pruning,-192
0,300,Event -193,0.00030693774493518663,6,No Pruning,-193
0,300,Event -194,0.0,6,No Pruning,-194
0,300,Event -195,0.0,6,No Pruning,-195
0,300,Event -196,0.0,6,No Pruning,-196
0,300,Event -197,0.0,6,No Pruning,-197
0,300,Event -198,0.0,6,No Pruning,-198
0,300,Event -199,0.0,6,No Pruning,-199
0,300,Event -200,0.0,6,No Pruning,-200
0,300,Event -1,0.0,7,No Pruning,-1
0,300,Event -2,0.0,7,No Pruning,-2
0,300,Event -3,0.0,7,No Pruning,-3
0,300,Event -4,0.0006764235428519469,7,No Pruning,-4
0,300,Event -5,-0.0016416753724649504,7,No Pruning,-5
0,300,Event -6,0.0,7,No Pruning,-6
0,300,Event -7,0.0,7,No Pruning,-7
0,300,Event -8,0.0,7,No Pruning,-8
0,300,Event -9,0.0,7,No Pruning,-9
0,300,Event -10,-0.0007933046723295968,7,No Pruning,-10
0,300,Event -11,0.003449900503679941,7,No Pruning,-11
0,300,Event -12,0.0,7,No Pruning,-12
0,300,Event -13,0.0,7,No Pruning,-13
0,300,Event -14,0.0,7,No Pruning,-14
0,300,Event -15,0.0,7,No Pruning,-15
0,300,Event -16,0.0009382134687249029,7,No Pruning,-16
0,300,Event -17,0.0,7,No Pruning,-17
0,300,Event -18,0.0,7,No Pruning,-18
0,300,Event -19,0.0,7,No Pruning,-19
0,300,Event -20,0.0,7,No Pruning,-20
0,300,Event -21,-0.0002471132970874518,7,No Pruning,-21
0,300,Event -22,0.0,7,No Pruning,-22
0,300,Event -23,0.0002959883321957607,7,No Pruning,-23
0,300,Event -24,0.0,7,No Pruning,-24
0,300,Event -25,0.0,7,No Pruning,-25
0,300,Event -26,0.0,7,No Pruning,-26
0,300,Event -27,0.0019897178208188033,7,No Pruning,-27
0,300,Event -28,0.0,7,No Pruning,-28
0,300,Event -29,0.0,7,No Pruning,-29
0,300,Event -30,-0.004742627449092986,7,No Pruning,-30
0,300,Event -31,0.0,7,No Pruning,-31
0,300,Event -32,0.0,7,No Pruning,-32
0,300,Event -33,0.0,7,No Pruning,-33
0,300,Event -34,0.0,7,No Pruning,-34
0,300,Event -35,0.0,7,No Pruning,-35
0,300,Event -36,0.0,7,No Pruning,-36
0,300,Event -37,0.0,7,No Pruning,-37
0,300,Event -38,0.0,7,No Pruning,-38
0,300,Event -39,0.002503004474425073,7,No Pruning,-39
0,300,Event -40,-0.0015043747377214605,7,No Pruning,-40
0,300,Event -41,0.0,7,No Pruning,-41
0,300,Event -42,0.0,7,No Pruning,-42
0,300,Event -43,0.0,7,No Pruning,-43
0,300,Event -44,-0.00043913177686512154,7,No Pruning,-44
0,300,Event -45,0.0019213032841118726,7,No Pruning,-45
0,300,Event -46,0.0,7,No Pruning,-46
0,300,Event -47,0.0,7,No Pruning,-47
0,300,Event -48,0.0,7,No Pruning,-48
0,300,Event -49,0.0,7,No Pruning,-49
0,300,Event -50,0.0,7,No Pruning,-50
0,300,Event -51,0.0,7,No Pruning,-51
0,300,Event -52,-0.005618962436602785,7,No Pruning,-52
0,300,Event -53,0.0,7,No Pruning,-53
0,300,Event -54,-0.0024810927990340493,7,No Pruning,-54
0,300,Event -55,0.0,7,No Pruning,-55
0,300,Event -56,0.0,7,No Pruning,-56
0,300,Event -57,0.0,7,No Pruning,-57
0,300,Event -58,0.0,7,No Pruning,-58
0,300,Event -59,0.0,7,No Pruning,-59
0,300,Event -60,0.0,7,No Pruning,-60
0,300,Event -61,0.0,7,No Pruning,-61
0,300,Event -62,0.0,7,No Pruning,-62
0,300,Event -63,0.0,7,No Pruning,-63
0,300,Event -64,0.0014887171168437394,7,No Pruning,-64
0,300,Event -65,0.001473315181114676,7,No Pruning,-65
0,300,Event -66,0.0011799611723323387,7,No Pruning,-66
0,300,Event -67,0.0,7,No Pruning,-67
0,300,Event -68,0.0,7,No Pruning,-68
0,300,Event -69,0.0,7,No Pruning,-69
0,300,Event -70,0.001523054587009483,7,No Pruning,-70
0,300,Event -71,0.0,7,No Pruning,-71
0,300,Event -72,0.001492653363689635,7,No Pruning,-72
0,300,Event -73,0.001351192640076021,7,No Pruning,-73
0,300,Event -74,0.00117604323620021,7,No Pruning,-74
0,300,Event -75,0.0,7,No Pruning,-75
0,300,Event -76,0.0,7,No Pruning,-76
0,300,Event -77,0.0,7,No Pruning,-77
0,300,Event -78,0.0003730819425443685,7,No Pruning,-78
0,300,Event -79,0.0,7,No Pruning,-79
0,300,Event -80,0.0,7,No Pruning,-80
0,300,Event -81,0.0013579657036546615,7,No Pruning,-81
0,300,Event -82,0.0,7,No Pruning,-82
0,300,Event -83,0.0001912469831124588,7,No Pruning,-83
0,300,Event -84,-0.0009397789788494267,7,No Pruning,-84
0,300,Event -85,0.0,7,No Pruning,-85
0,300,Event -86,0.0,7,No Pruning,-86
0,300,Event -87,0.0010007998254208587,7,No Pruning,-87
0,300,Event -88,0.0,7,No Pruning,-88
0,300,Event -89,0.001801045168293196,7,No Pruning,-89
0,300,Event -90,0.0,7,No Pruning,-90
0,300,Event -91,0.0,7,No Pruning,-91
0,300,Event -92,0.0,7,No Pruning,-92
0,300,Event -93,0.0,7,No Pruning,-93
0,300,Event -94,0.0,7,No Pruning,-94
0,300,Event -95,-0.004291852257735644,7,No Pruning,-95
0,300,Event -96,-0.0026259809355197537,7,No Pruning,-96
0,300,Event -97,0.0014607983192451138,7,No Pruning,-97
0,300,Event -98,0.0,7,No Pruning,-98
0,300,Event -99,0.0,7,No Pruning,-99
0,300,Event -100,0.003690251986652533,7,No Pruning,-100
0,300,Event -101,0.0017926041516346262,7,No Pruning,-101
0,300,Event -102,0.0,7,No Pruning,-102
0,300,Event -103,0.0001447990115796763,7,No Pruning,-103
0,300,Event -104,0.0,7,No Pruning,-104
0,300,Event -105,-0.002179123706418572,7,No Pruning,-105
0,300,Event -106,0.0,7,No Pruning,-106
0,300,Event -107,0.0,7,No Pruning,-107
0,300,Event -108,0.0,7,No Pruning,-108
0,300,Event -109,0.0,7,No Pruning,-109
0,300,Event -110,0.0,7,No Pruning,-110
0,300,Event -111,0.0,7,No Pruning,-111
0,300,Event -112,0.0017737184378131651,7,No Pruning,-112
0,300,Event -113,0.0,7,No Pruning,-113
0,300,Event -114,0.000994873698912449,7,No Pruning,-114
0,300,Event -115,0.0002901639703933678,7,No Pruning,-115
0,300,Event -116,0.0,7,No Pruning,-116
0,300,Event -117,0.0,7,No Pruning,-117
0,300,Event -118,0.0,7,No Pruning,-118
0,300,Event -119,0.0008708626357839147,7,No Pruning,-119
0,300,Event -120,0.0011614980072943537,7,No Pruning,-120
0,300,Event -121,0.0,7,No Pruning,-121
0,300,Event -122,0.0,7,No Pruning,-122
0,300,Event -123,0.0,7,No Pruning,-123
0,300,Event -124,0.0,7,No Pruning,-124
0,300,Event -125,0.001301809560351342,7,No Pruning,-125
0,300,Event -126,0.0,7,No Pruning,-126
0,300,Event -127,-0.0003240934499035499,7,No Pruning,-127
0,300,Event -128,0.0,7,No Pruning,-128
0,300,Event -129,0.0,7,No Pruning,-129
0,300,Event -130,0.0033310064127111136,7,No Pruning,-130
0,300,Event -131,0.0,7,No Pruning,-131
0,300,Event -132,0.0,7,No Pruning,-132
0,300,Event -133,0.0,7,No Pruning,-133
0,300,Event -134,0.0,7,No Pruning,-134
0,300,Event -135,0.0,7,No Pruning,-135
0,300,Event -136,0.0,7,No Pruning,-136
0,300,Event -137,0.0,7,No Pruning,-137
0,300,Event -138,0.0,7,No Pruning,-138
0,300,Event -139,0.0,7,No Pruning,-139
0,300,Event -140,-0.0012206994024462766,7,No Pruning,-140
0,300,Event -141,0.0019354721370599887,7,No Pruning,-141
0,300,Event -142,0.0,7,No Pruning,-142
0,300,Event -143,0.0014830155757956701,7,No Pruning,-143
0,300,Event -144,0.0,7,No Pruning,-144
0,300,Event -145,0.0,7,No Pruning,-145
0,300,Event -146,0.0,7,No Pruning,-146
0,300,Event -147,0.0,7,No Pruning,-147
0,300,Event -148,0.0,7,No Pruning,-148
0,300,Event -149,0.0,7,No Pruning,-149
0,300,Event -150,0.00045841239667934313,7,No Pruning,-150
0,300,Event -151,0.0,7,No Pruning,-151
0,300,Event -152,0.0,7,No Pruning,-152
0,300,Event -153,0.0,7,No Pruning,-153
0,300,Event -154,0.0,7,No Pruning,-154
0,300,Event -155,0.0,7,No Pruning,-155
0,300,Event -156,0.0,7,No Pruning,-156
0,300,Event -157,0.000247231832831091,7,No Pruning,-157
0,300,Event -158,0.0,7,No Pruning,-158
0,300,Event -159,-0.0003738125357445725,7,No Pruning,-159
0,300,Event -160,0.0,7,No Pruning,-160
0,300,Event -161,0.0,7,No Pruning,-161
0,300,Event -162,0.0013328392975298473,7,No Pruning,-162
0,300,Event -163,0.0,7,No Pruning,-163
0,300,Event -164,0.0,7,No Pruning,-164
0,300,Event -165,0.0,7,No Pruning,-165
0,300,Event -166,0.0,7,No Pruning,-166
0,300,Event -167,-0.0002161471307013156,7,No Pruning,-167
0,300,Event -168,0.0,7,No Pruning,-168
0,300,Event -169,0.0,7,No Pruning,-169
0,300,Event -170,-0.002163408318443139,7,No Pruning,-170
0,300,Event -171,0.0,7,No Pruning,-171
0,300,Event -172,0.0012920716479591602,7,No Pruning,-172
0,300,Event -173,0.0,7,No Pruning,-173
0,300,Event -174,-0.002370022642778877,7,No Pruning,-174
0,300,Event -175,0.0,7,No Pruning,-175
0,300,Event -176,0.0,7,No Pruning,-176
0,300,Event -177,0.0,7,No Pruning,-177
0,300,Event -178,0.0012369945860475286,7,No Pruning,-178
0,300,Event -179,0.0,7,No Pruning,-179
0,300,Event -180,0.0,7,No Pruning,-180
0,300,Event -181,0.0,7,No Pruning,-181
0,300,Event -182,0.0,7,No Pruning,-182
0,300,Event -183,0.0,7,No Pruning,-183
0,300,Event -184,0.0,7,No Pruning,-184
0,300,Event -185,0.0,7,No Pruning,-185
0,300,Event -186,0.003140097005591942,7,No Pruning,-186
0,300,Event -187,0.0,7,No Pruning,-187
0,300,Event -188,0.0,7,No Pruning,-188
0,300,Event -189,0.0,7,No Pruning,-189
0,300,Event -190,0.0009003439871356285,7,No Pruning,-190
0,300,Event -191,0.0,7,No Pruning,-191
0,300,Event -192,0.0,7,No Pruning,-192
0,300,Event -193,0.0,7,No Pruning,-193
0,300,Event -194,0.0,7,No Pruning,-194
0,300,Event -195,0.0,7,No Pruning,-195
0,300,Event -196,0.0,7,No Pruning,-196
0,300,Event -197,0.0,7,No Pruning,-197
0,300,Event -198,0.0,7,No Pruning,-198
0,300,Event -199,-0.0025955176555108386,7,No Pruning,-199
0,300,Event -200,0.0,7,No Pruning,-200
0,300,Event -1,0.0,8,No Pruning,-1
0,300,Event -2,0.0,8,No Pruning,-2
0,300,Event -3,0.0,8,No Pruning,-3
0,300,Event -4,0.00023916381217034015,8,No Pruning,-4
0,300,Event -5,0.0006634239014495669,8,No Pruning,-5
0,300,Event -6,0.0006097806742623367,8,No Pruning,-6
0,300,Event -7,0.0,8,No Pruning,-7
0,300,Event -8,-0.0006705406641765371,8,No Pruning,-8
0,300,Event -9,-0.0006749928387821288,8,No Pruning,-9
0,300,Event -10,0.0,8,No Pruning,-10
0,300,Event -11,-3.069583394484621e-05,8,No Pruning,-11
0,300,Event -12,-0.0010142378660654284,8,No Pruning,-12
0,300,Event -13,0.0,8,No Pruning,-13
0,300,Event -14,0.0,8,No Pruning,-14
0,300,Event -15,0.0,8,No Pruning,-15
0,300,Event -16,0.0,8,No Pruning,-16
0,300,Event -17,0.0,8,No Pruning,-17
0,300,Event -18,-0.00026115074483400803,8,No Pruning,-18
0,300,Event -19,0.0,8,No Pruning,-19
0,300,Event -20,0.0,8,No Pruning,-20
0,300,Event -21,0.0,8,No Pruning,-21
0,300,Event -22,0.0,8,No Pruning,-22
0,300,Event -23,-0.0011706105922959127,8,No Pruning,-23
0,300,Event -24,-0.0006281978883225205,8,No Pruning,-24
0,300,Event -25,0.0,8,No Pruning,-25
0,300,Event -26,0.0,8,No Pruning,-26
0,300,Event -27,-0.0011844304309748194,8,No Pruning,-27
0,300,Event -28,0.0,8,No Pruning,-28
0,300,Event -29,0.0,8,No Pruning,-29
0,300,Event -30,0.0005091174227741821,8,No Pruning,-30
0,300,Event -31,0.0,8,No Pruning,-31
0,300,Event -32,0.0,8,No Pruning,-32
0,300,Event -33,0.0012771184850733825,8,No Pruning,-33
0,300,Event -34,0.0017165386637667634,8,No Pruning,-34
0,300,Event -35,0.0,8,No Pruning,-35
0,300,Event -36,0.0,8,No Pruning,-36
0,300,Event -37,0.0,8,No Pruning,-37
0,300,Event -38,0.0,8,No Pruning,-38
0,300,Event -39,0.0,8,No Pruning,-39
0,300,Event -40,-0.0005825362806519982,8,No Pruning,-40
0,300,Event -41,0.0,8,No Pruning,-41
0,300,Event -42,0.0,8,No Pruning,-42
0,300,Event -43,0.0,8,No Pruning,-43
0,300,Event -44,0.0,8,No Pruning,-44
0,300,Event -45,0.0,8,No Pruning,-45
0,300,Event -46,0.0,8,No Pruning,-46
0,300,Event -47,0.0004717374711878499,8,No Pruning,-47
0,300,Event -48,0.0,8,No Pruning,-48
0,300,Event -49,0.0,8,No Pruning,-49
0,300,Event -50,-0.0006329654570485329,8,No Pruning,-50
0,300,Event -51,0.0,8,No Pruning,-51
0,300,Event -52,0.0,8,No Pruning,-52
0,300,Event -53,0.0,8,No Pruning,-53
0,300,Event -54,0.0007367370921198275,8,No Pruning,-54
0,300,Event -55,0.0,8,No Pruning,-55
0,300,Event -56,0.0,8,No Pruning,-56
0,300,Event -57,0.0,8,No Pruning,-57
0,300,Event -58,-5.179197224298083e-05,8,No Pruning,-58
0,300,Event -59,0.0,8,No Pruning,-59
0,300,Event -60,0.0,8,No Pruning,-60
0,300,Event -61,0.00020466070242529887,8,No Pruning,-61
0,300,Event -62,0.0,8,No Pruning,-62
0,300,Event -63,0.0,8,No Pruning,-63
0,300,Event -64,-0.00012397314396618344,8,No Pruning,-64
0,300,Event -65,0.0,8,No Pruning,-65
0,300,Event -66,-0.0003798172228750392,8,No Pruning,-66
0,300,Event -67,0.0,8,No Pruning,-67
0,300,Event -68,0.0,8,No Pruning,-68
0,300,Event -69,0.0,8,No Pruning,-69
0,300,Event -70,0.0,8,No Pruning,-70
0,300,Event -71,0.0,8,No Pruning,-71
0,300,Event -72,0.0,8,No Pruning,-72
0,300,Event -73,0.0,8,No Pruning,-73
0,300,Event -74,-0.0002841666172797765,8,No Pruning,-74
0,300,Event -75,0.0006590545086752262,8,No Pruning,-75
0,300,Event -76,0.0,8,No Pruning,-76
0,300,Event -77,0.0,8,No Pruning,-77
0,300,Event -78,-0.0008194851771990443,8,No Pruning,-78
0,300,Event -79,-7.781248646072273e-05,8,No Pruning,-79
0,300,Event -80,0.0,8,No Pruning,-80
0,300,Event -81,0.0,8,No Pruning,-81
0,300,Event -82,0.0,8,No Pruning,-82
0,300,Event -83,0.0,8,No Pruning,-83
0,300,Event -84,0.0,8,No Pruning,-84
0,300,Event -85,0.0,8,No Pruning,-85
0,300,Event -86,0.0,8,No Pruning,-86
0,300,Event -87,-0.0012192379164898226,8,No Pruning,-87
0,300,Event -88,-0.001487941748512236,8,No Pruning,-88
0,300,Event -89,0.0,8,No Pruning,-89
0,300,Event -90,0.0,8,No Pruning,-90
0,300,Event -91,0.0,8,No Pruning,-91
0,300,Event -92,0.0003016799096469747,8,No Pruning,-92
0,300,Event -93,-0.0005910520800611274,8,No Pruning,-93
0,300,Event -94,-0.0005205025741189845,8,No Pruning,-94
0,300,Event -95,0.0,8,No Pruning,-95
0,300,Event -96,0.0,8,No Pruning,-96
0,300,Event -97,0.0,8,No Pruning,-97
0,300,Event -98,0.0,8,No Pruning,-98
0,300,Event -99,0.0,8,No Pruning,-99
0,300,Event -100,-0.0007238852246421173,8,No Pruning,-100
0,300,Event -101,0.0,8,No Pruning,-101
0,300,Event -102,0.0,8,No Pruning,-102
0,300,Event -103,0.0008459015954916505,8,No Pruning,-103
0,300,Event -104,0.0,8,No Pruning,-104
0,300,Event -105,0.0,8,No Pruning,-105
0,300,Event -106,0.0,8,No Pruning,-106
0,300,Event -107,0.0,8,No Pruning,-107
0,300,Event -108,0.0005312701644163357,8,No Pruning,-108
0,300,Event -109,0.0016349529403550723,8,No Pruning,-109
0,300,Event -110,0.0,8,No Pruning,-110
0,300,Event -111,-0.0010064509109479667,8,No Pruning,-111
0,300,Event -112,0.0,8,No Pruning,-112
0,300,Event -113,0.0,8,No Pruning,-113
0,300,Event -114,0.0,8,No Pruning,-114
0,300,Event -115,0.0,8,No Pruning,-115
0,300,Event -116,-0.0008925722787765068,8,No Pruning,-116
0,300,Event -117,0.0,8,No Pruning,-117
0,300,Event -118,-2.7988753348529677e-05,8,No Pruning,-118
0,300,Event -119,-0.0012520083318222706,8,No Pruning,-119
0,300,Event -120,-0.0005858017162929636,8,No Pruning,-120
0,300,Event -121,-0.0008382910303445119,8,No Pruning,-121
0,300,Event -122,0.0012164653207049562,8,No Pruning,-122
0,300,Event -123,0.0,8,No Pruning,-123
0,300,Event -124,0.0,8,No Pruning,-124
0,300,Event -125,0.0,8,No Pruning,-125
0,300,Event -126,0.0,8,No Pruning,-126
0,300,Event -127,-0.00019505813574332846,8,No Pruning,-127
0,300,Event -128,-0.00029434674107824127,8,No Pruning,-128
0,300,Event -129,0.0,8,No Pruning,-129
0,300,Event -130,0.0,8,No Pruning,-130
0,300,Event -131,0.00021818082777406127,8,No Pruning,-131
0,300,Event -132,0.0,8,No Pruning,-132
0,300,Event -133,-0.00013644835415059912,8,No Pruning,-133
0,300,Event -134,0.000764146358969499,8,No Pruning,-134
0,300,Event -135,0.0,8,No Pruning,-135
0,300,Event -136,0.0,8,No Pruning,-136
0,300,Event -137,0.00012605927933994195,8,No Pruning,-137
0,300,Event -138,0.0,8,No Pruning,-138
0,300,Event -139,0.0,8,No Pruning,-139
0,300,Event -140,0.0,8,No Pruning,-140
0,300,Event -141,0.0,8,No Pruning,-141
0,300,Event -142,0.0021148464028888643,8,No Pruning,-142
0,300,Event -143,0.0,8,No Pruning,-143
0,300,Event -144,-0.0002244784238814599,8,No Pruning,-144
0,300,Event -145,-0.0007581765798077113,8,No Pruning,-145
0,300,Event -146,0.0,8,No Pruning,-146
0,300,Event -147,0.0,8,No Pruning,-147
0,300,Event -148,0.0,8,No Pruning,-148
0,300,Event -149,0.0,8,No Pruning,-149
0,300,Event -150,0.0002254579284247724,8,No Pruning,-150
0,300,Event -151,-9.917368015556084e-05,8,No Pruning,-151
0,300,Event -152,0.00010868293109087098,8,No Pruning,-152
0,300,Event -153,0.0,8,No Pruning,-153
0,300,Event -154,0.0,8,No Pruning,-154
0,300,Event -155,0.0,8,No Pruning,-155
0,300,Event -156,-0.00027296439615655927,8,No Pruning,-156
0,300,Event -157,0.0,8,No Pruning,-157
0,300,Event -158,0.0,8,No Pruning,-158
0,300,Event -159,0.0,8,No Pruning,-159
0,300,Event -160,-0.0007779213791963549,8,No Pruning,-160
0,300,Event -161,0.0,8,No Pruning,-161
0,300,Event -162,-0.0003698867720320273,8,No Pruning,-162
0,300,Event -163,0.0,8,No Pruning,-163
0,300,Event -164,3.504504899068065e-05,8,No Pruning,-164
0,300,Event -165,0.0,8,No Pruning,-165
0,300,Event -166,0.0,8,No Pruning,-166
0,300,Event -167,0.0,8,No Pruning,-167
0,300,Event -168,0.0,8,No Pruning,-168
0,300,Event -169,0.0,8,No Pruning,-169
0,300,Event -170,0.0,8,No Pruning,-170
0,300,Event -171,0.0,8,No Pruning,-171
0,300,Event -172,0.0008423949757704365,8,No Pruning,-172
0,300,Event -173,0.0,8,No Pruning,-173
0,300,Event -174,-0.00028659939370036957,8,No Pruning,-174
0,300,Event -175,0.0,8,No Pruning,-175
0,300,Event -176,0.0006586779520450317,8,No Pruning,-176
0,300,Event -177,0.0,8,No Pruning,-177
0,300,Event -178,-0.0006110164221743873,8,No Pruning,-178
0,300,Event -179,0.0,8,No Pruning,-179
0,300,Event -180,0.0,8,No Pruning,-180
0,300,Event -181,0.0,8,No Pruning,-181
0,300,Event -182,0.0,8,No Pruning,-182
0,300,Event -183,0.0,8,No Pruning,-183
0,300,Event -184,0.0,8,No Pruning,-184
0,300,Event -185,0.0,8,No Pruning,-185
0,300,Event -186,-0.0009896495497758021,8,No Pruning,-186
0,300,Event -187,0.0,8,No Pruning,-187
0,300,Event -188,0.0,8,No Pruning,-188
0,300,Event -189,0.00038186320056982716,8,No Pruning,-189
0,300,Event -190,-0.0011616090616088925,8,No Pruning,-190
0,300,Event -191,0.0,8,No Pruning,-191
0,300,Event -192,0.0006812399452792683,8,No Pruning,-192
0,300,Event -193,0.0,8,No Pruning,-193
0,300,Event -194,0.0,8,No Pruning,-194
0,300,Event -195,0.0007077347086303094,8,No Pruning,-195
0,300,Event -196,5.386840319317108e-06,8,No Pruning,-196
0,300,Event -197,0.0,8,No Pruning,-197
0,300,Event -198,0.0,8,No Pruning,-198
0,300,Event -199,0.0012413177745711202,8,No Pruning,-199
0,300,Event -200,-0.00010717139367012306,8,No Pruning,-200
0,300,Event -1,0.0,9,No Pruning,-1
0,300,Event -2,0.0,9,No Pruning,-2
0,300,Event -3,0.0,9,No Pruning,-3
0,300,Event -4,0.0,9,No Pruning,-4
0,300,Event -5,0.0,9,No Pruning,-5
0,300,Event -6,-0.0005836115905807453,9,No Pruning,-6
0,300,Event -7,-0.0016951640327839447,9,No Pruning,-7
0,300,Event -8,0.0006653827899905825,9,No Pruning,-8
0,300,Event -9,0.0,9,No Pruning,-9
0,300,Event -10,-0.002463537592122672,9,No Pruning,-10
0,300,Event -11,0.0011033292717021505,9,No Pruning,-11
0,300,Event -12,0.0011673654068909876,9,No Pruning,-12
0,300,Event -13,0.00039270215637645734,9,No Pruning,-13
0,300,Event -14,0.0005654464022003935,9,No Pruning,-14
0,300,Event -15,0.0001287818927817358,9,No Pruning,-15
0,300,Event -16,0.0009074452826414005,9,No Pruning,-16
0,300,Event -17,0.0,9,No Pruning,-17
0,300,Event -18,0.00029390038917434264,9,No Pruning,-18
0,300,Event -19,0.0,9,No Pruning,-19
0,300,Event -20,0.0001583805044293356,9,No Pruning,-20
0,300,Event -21,0.0,9,No Pruning,-21
0,300,Event -22,0.0006820312495776026,9,No Pruning,-22
0,300,Event -23,0.0,9,No Pruning,-23
0,300,Event -24,0.0015170716838347163,9,No Pruning,-24
0,300,Event -25,0.0,9,No Pruning,-25
0,300,Event -26,-0.00026764957269316287,9,No Pruning,-26
0,300,Event -27,0.002312057364203626,9,No Pruning,-27
0,300,Event -28,0.0,9,No Pruning,-28
0,300,Event -29,0.003074824404826949,9,No Pruning,-29
0,300,Event -30,-0.0021203277258737847,9,No Pruning,-30
0,300,Event -31,0.0,9,No Pruning,-31
0,300,Event -32,0.0,9,No Pruning,-32
0,300,Event -33,0.0,9,No Pruning,-33
0,300,Event -34,0.0,9,No Pruning,-34
0,300,Event -35,0.0,9,No Pruning,-35
0,300,Event -36,-0.0009078260367956122,9,No Pruning,-36
0,300,Event -37,-0.0008028058498063435,9,No Pruning,-37
0,300,Event -38,0.0,9,No Pruning,-38
0,300,Event -39,0.0,9,No Pruning,-39
0,300,Event -40,0.0,9,No Pruning,-40
0,300,Event -41,0.0,9,No Pruning,-41
0,300,Event -42,-0.00037617973710996414,9,No Pruning,-42
0,300,Event -43,0.0,9,No Pruning,-43
0,300,Event -44,0.0,9,No Pruning,-44
0,300,Event -45,0.0006341522129047535,9,No Pruning,-45
0,300,Event -46,0.0,9,No Pruning,-46
0,300,Event -47,0.0,9,No Pruning,-47
0,300,Event -48,0.0,9,No Pruning,-48
0,300,Event -49,-0.00027209341381756545,9,No Pruning,-49
0,300,Event -50,0.0,9,No Pruning,-50
0,300,Event -51,0.0,9,No Pruning,-51
0,300,Event -52,-0.004715752724246083,9,No Pruning,-52
0,300,Event -53,0.0,9,No Pruning,-53
0,300,Event -54,0.0,9,No Pruning,-54
0,300,Event -55,0.0,9,No Pruning,-55
0,300,Event -56,0.0,9,No Pruning,-56
0,300,Event -57,0.0,9,No Pruning,-57
0,300,Event -58,0.0003264018345010538,9,No Pruning,-58
0,300,Event -59,0.0,9,No Pruning,-59
0,300,Event -60,0.0,9,No Pruning,-60
0,300,Event -61,0.0,9,No Pruning,-61
0,300,Event -62,0.0,9,No Pruning,-62
0,300,Event -63,0.0,9,No Pruning,-63
0,300,Event -64,0.0020966074343775985,9,No Pruning,-64
0,300,Event -65,0.000730497261356565,9,No Pruning,-65
0,300,Event -66,-1.1688821825542664e-05,9,No Pruning,-66
0,300,Event -67,-0.00026085156172607656,9,No Pruning,-67
0,300,Event -68,0.0,9,No Pruning,-68
0,300,Event -69,0.0,9,No Pruning,-69
0,300,Event -70,0.0,9,No Pruning,-70
0,300,Event -71,0.0,9,No Pruning,-71
0,300,Event -72,0.000218360009446604,9,No Pruning,-72
0,300,Event -73,0.0009736204712236032,9,No Pruning,-73
0,300,Event -74,0.0005825049895885207,9,No Pruning,-74
0,300,Event -75,0.0,9,No Pruning,-75
0,300,Event -76,0.0003230937016389006,9,No Pruning,-76
0,300,Event -77,0.0001066697170678645,9,No Pruning,-77
0,300,Event -78,0.0008983614083324619,9,No Pruning,-78
0,300,Event -79,0.0,9,No Pruning,-79
0,300,Event -80,0.0,9,No Pruning,-80
0,300,Event -81,0.0010923820560315239,9,No Pruning,-81
0,300,Event -82,0.0,9,No Pruning,-82
0,300,Event -83,-2.8684593323044516e-06,9,No Pruning,-83
0,300,Event -84,0.0,9,No Pruning,-84
0,300,Event -85,-0.0017179303112494285,9,No Pruning,-85
0,300,Event -86,-0.0005811118629520506,9,No Pruning,-86
0,300,Event -87,0.0,9,No Pruning,-87
0,300,Event -88,0.0,9,No Pruning,-88
0,300,Event -89,0.0011555279150317118,9,No Pruning,-89
0,300,Event -90,0.0,9,No Pruning,-90
0,300,Event -91,0.0,9,No Pruning,-91
0,300,Event -92,0.0,9,No Pruning,-92
0,300,Event -93,0.0,9,No Pruning,-93
0,300,Event -94,-0.001339584602658768,9,No Pruning,-94
0,300,Event -95,-0.0009827281350276613,9,No Pruning,-95
0,300,Event -96,-0.0015254052249945582,9,No Pruning,-96
0,300,Event -97,0.001696660878109062,9,No Pruning,-97
0,300,Event -98,-0.0007397725621061477,9,No Pruning,-98
0,300,Event -99,-0.00020937968745924143,9,No Pruning,-99
0,300,Event -100,0.0010925902050253086,9,No Pruning,-100
0,300,Event -101,0.0005575197983191532,9,No Pruning,-101
0,300,Event -102,-0.001095513176216971,9,No Pruning,-102
0,300,Event -103,0.0,9,No Pruning,-103
0,300,Event -104,0.0,9,No Pruning,-104
0,300,Event -105,0.0,9,No Pruning,-105
0,300,Event -106,-0.000715844184650519,9,No Pruning,-106
0,300,Event -107,0.0,9,No Pruning,-107
0,300,Event -108,0.0,9,No Pruning,-108
0,300,Event -109,0.0,9,No Pruning,-109
0,300,Event -110,-0.0006603259736744395,9,No Pruning,-110
0,300,Event -111,0.0,9,No Pruning,-111
0,300,Event -112,0.0008793852313501295,9,No Pruning,-112
0,300,Event -113,-0.000696833690498483,9,No Pruning,-113
0,300,Event -114,0.0,9,No Pruning,-114
0,300,Event -115,0.0,9,No Pruning,-115
0,300,Event -116,0.0,9,No Pruning,-116
0,300,Event -117,0.0,9,No Pruning,-117
0,300,Event -118,-0.001415809280826347,9,No Pruning,-118
0,300,Event -119,0.0011202107291009402,9,No Pruning,-119
0,300,Event -120,0.0,9,No Pruning,-120
0,300,Event -121,0.0,9,No Pruning,-121
0,300,Event -122,-0.0009757484385223905,9,No Pruning,-122
0,300,Event -123,0.0016194407039340762,9,No Pruning,-123
0,300,Event -124,0.0,9,No Pruning,-124
0,300,Event -125,0.0,9,No Pruning,-125
0,300,Event -126,-3.641992912414155e-05,9,No Pruning,-126
0,300,Event -127,-0.0002047813026149932,9,No Pruning,-127
0,300,Event -128,0.0,9,No Pruning,-128
0,300,Event -129,0.0,9,No Pruning,-129
0,300,Event -130,0.0,9,No Pruning,-130
0,300,Event -131,-0.000107735219078706,9,No Pruning,-131
0,300,Event -132,-0.001208334941704605,9,No Pruning,-132
0,300,Event -133,0.0,9,No Pruning,-133
0,300,Event -134,0.0,9,No Pruning,-134
0,300,Event -135,0.0,9,No Pruning,-135
0,300,Event -136,-0.0027330505539516787,9,No Pruning,-136
0,300,Event -137,0.00023253232088481669,9,No Pruning,-137
0,300,Event -138,0.0,9,No Pruning,-138
0,300,Event -139,-0.0006271389193052493,9,No Pruning,-139
0,300,Event -140,0.0,9,No Pruning,-140
0,300,Event -141,0.0,9,No Pruning,-141
0,300,Event -142,0.0,9,No Pruning,-142
0,300,Event -143,0.0,9,No Pruning,-143
0,300,Event -144,0.0,9,No Pruning,-144
0,300,Event -145,0.000938536027151003,9,No Pruning,-145
0,300,Event -146,0.0,9,No Pruning,-146
0,300,Event -147,0.0,9,No Pruning,-147
0,300,Event -148,-0.0002939282296468889,9,No Pruning,-148
0,300,Event -149,0.0,9,No Pruning,-149
0,300,Event -150,-0.00011223028233545151,9,No Pruning,-150
0,300,Event -151,0.001695869929041265,9,No Pruning,-151
0,300,Event -152,0.0,9,No Pruning,-152
0,300,Event -153,0.0,9,No Pruning,-153
0,300,Event -154,0.0007757314793075953,9,No Pruning,-154
0,300,Event -155,0.0,9,No Pruning,-155
0,300,Event -156,0.0,9,No Pruning,-156
0,300,Event -157,0.0,9,No Pruning,-157
0,300,Event -158,0.0,9,No Pruning,-158
0,300,Event -159,0.0009726721473740721,9,No Pruning,-159
0,300,Event -160,0.0009485108837478879,9,No Pruning,-160
0,300,Event -161,0.0,9,No Pruning,-161
0,300,Event -162,0.0,9,No Pruning,-162
0,300,Event -163,-0.0006324201938719444,9,No Pruning,-163
0,300,Event -164,-0.0007537475653403005,9,No Pruning,-164
0,300,Event -165,0.0,9,No Pruning,-165
0,300,Event -166,-0.0002594922266412592,9,No Pruning,-166
0,300,Event -167,0.00031875202532098343,9,No Pruning,-167
0,300,Event -168,0.0009138581766054577,9,No Pruning,-168
0,300,Event -169,0.0,9,No Pruning,-169
0,300,Event -170,0.0,9,No Pruning,-170
0,300,Event -171,0.0,9,No Pruning,-171
0,300,Event -172,0.0,9,No Pruning,-172
0,300,Event -173,0.0,9,No Pruning,-173
0,300,Event -174,-0.0031737238115309378,9,No Pruning,-174
0,300,Event -175,-0.0015603830886618537,9,No Pruning,-175
0,300,Event -176,0.0,9,No Pruning,-176
0,300,Event -177,0.0,9,No Pruning,-177
0,300,Event -178,0.0,9,No Pruning,-178
0,300,Event -179,0.0,9,No Pruning,-179
0,300,Event -180,-0.0006566271710204824,9,No Pruning,-180
0,300,Event -181,0.0,9,No Pruning,-181
0,300,Event -182,0.0,9,No Pruning,-182
0,300,Event -183,0.0,9,No Pruning,-183
0,300,Event -184,0.0,9,No Pruning,-184
0,300,Event -185,0.0,9,No Pruning,-185
0,300,Event -186,0.0013993836344684556,9,No Pruning,-186
0,300,Event -187,0.0,9,No Pruning,-187
0,300,Event -188,0.0,9,No Pruning,-188
0,300,Event -189,0.0014177490441946586,9,No Pruning,-189
0,300,Event -190,0.0,9,No Pruning,-190
0,300,Event -191,6.702829595393867e-05,9,No Pruning,-191
0,300,Event -192,0.0,9,No Pruning,-192
0,300,Event -193,-6.786342605310039e-05,9,No Pruning,-193
0,300,Event -194,0.0,9,No Pruning,-194
0,300,Event -195,0.0,9,No Pruning,-195
0,300,Event -196,0.0,9,No Pruning,-196
0,300,Event -197,-4.220056207036166e-05,9,No Pruning,-197
0,300,Event -198,0.0,9,No Pruning,-198
0,300,Event -199,-0.0015200963815720503,9,No Pruning,-199
0,300,Event -200,0.0,9,No Pruning,-200
