class,n,p_orig,p_base,del_auc_norm,ins_auc_norm,combined,cons_spearman,cons_jaccard_5,cons_jaccard_10,infidelity_prob_best_sigma,infidelity_prob,infidelity_prob_grid,sens_windowed_delta_prob,config
sinus bradycardia,16,0.9134894609451294,0.8756692409515381,0.08305627107620239,0.8554981350898743,0.8862209320068359,0.928850663436803,0.6508740918528184,0.6775672185702981,0.001,5.338216755035319e-05,"{0.001: 5.338216755035319e-05, 0.002: 0.0002383522848958819}",0.007468145340681076,"{'subset': 16, 'prob_thresh': 0.85, 'win': 48, 'ig_steps': 12, 'ig_samples': 3, 'ig_sigma': 0.02, 'infid_sigmas': [0.001, 0.002], 'bs': 8}"
t wave inversion,1,0.8650147914886475,0.4241901636123657,0.14058621227741241,0.8793577551841736,0.8693857714533806,0.9331288579011545,0.8656716417910447,0.8484288354898336,0.001,0.0013211842739941915,"{0.001: 0.0013211842739941915, 0.002: 0.0034633671429082913}",0.05840730667114258,"{'subset': 16, 'prob_thresh': 0.85, 'win': 48, 'ig_steps': 12, 'ig_samples': 3, 'ig_sigma': 0.02, 'infid_sigmas': [0.001, 0.002], 'bs': 8}"
nonspecific intraventricular conduction disorder,16,0.7291055917739868,0.4931934177875519,0.13423027098178864,0.8006753921508789,0.8332225605845451,0.9029405521944363,0.5620654700209748,0.605769294951387,0.001,0.0011430190534156282,"{0.001: 0.0011430190534156282, 0.002: 0.0039030990046740044}",0.030006609857082367,"{'subset': 16, 'prob_thresh': 0.85, 'win': 48, 'ig_steps': 12, 'ig_samples': 3, 'ig_sigma': 0.02, 'infid_sigmas': [0.001, 0.002], 'bs': 8}"
left anterior fascicular block,16,0.9096076488494873,0.4683750867843628,0.15761740505695343,0.8100661635398865,0.8262243792414665,0.8859369684406067,0.47600084591158154,0.5296449895179971,0.001,0.0021682437018171186,"{0.001: 0.0021682437018171186, 0.002: 0.009295259515056387}",0.023229461163282394,"{'subset': 16, 'prob_thresh': 0.85, 'win': 48, 'ig_steps': 12, 'ig_samples': 3, 'ig_sigma': 0.02, 'infid_sigmas': [0.001, 0.002], 'bs': 8}"
ventricular premature beats,3,0.9032461643218994,0.39571109414100647,0.2518652677536011,0.7868233323097229,0.7674790322780609,0.8994553841118381,0.5066065714916745,0.5934063238097599,0.001,0.010928634671245163,"{0.001: 0.010928634671245163, 0.002: 0.04483791735219711}",0.013481955043971539,"{'subset': 16, 'prob_thresh': 0.85, 'win': 48, 'ig_steps': 12, 'ig_samples': 3, 'ig_sigma': 0.02, 'infid_sigmas': [0.001, 0.002], 'bs': 8}"
supraventricular premature beats,5,0.8969432711601257,0.44487112760543823,0.29177936911582947,0.8191413879394531,0.7636810094118118,0.8817884667860584,0.511555521137901,0.5648907689768403,0.001,0.10317075038619805,"{0.001: 0.10317075038619805, 0.002: 0.2936821448674891}",0.017240429297089577,"{'subset': 16, 'prob_thresh': 0.85, 'win': 48, 'ig_steps': 12, 'ig_samples': 3, 'ig_sigma': 0.02, 'infid_sigmas': [0.001, 0.002], 'bs': 8}"
qwave abnormal,10,0.8883166313171387,0.5147721767425537,0.28608304262161255,0.7443873286247253,0.7291521430015564,0.9160811809944673,0.6123350311181908,0.6498488289693786,0.001,0.0006915162866789615,"{0.001: 0.0006915162866789615, 0.002: 0.003082489834923763}",0.014192426577210426,"{'subset': 16, 'prob_thresh': 0.85, 'win': 48, 'ig_steps': 12, 'ig_samples': 3, 'ig_sigma': 0.02, 'infid_sigmas': [0.001, 0.002], 'bs': 8}"
left axis deviation,16,0.9016749858856201,0.2508719563484192,0.308646023273468,0.7645800113677979,0.7279669940471649,0.8999236412543569,0.5623448289125502,0.6005572308931539,0.001,0.00645467411413847,"{0.001: 0.00645467411413847, 0.002: 0.03203614072117489}",0.0263286754488945,"{'subset': 16, 'prob_thresh': 0.85, 'win': 48, 'ig_steps': 12, 'ig_samples': 3, 'ig_sigma': 0.02, 'infid_sigmas': [0.001, 0.002], 'bs': 8}"
t wave abnormal,16,0.9164000153541565,0.4473623037338257,0.3233027756214142,0.7749279737472534,0.7258125990629196,0.9240612978338916,0.6652228796732114,0.675844203764506,0.001,0.00014847365991954575,"{0.001: 0.00014847365991954575, 0.002: 0.000643586135993246}",0.01505180075764656,"{'subset': 16, 'prob_thresh': 0.85, 'win': 48, 'ig_steps': 12, 'ig_samples': 3, 'ig_sigma': 0.02, 'infid_sigmas': [0.001, 0.002], 'bs': 8}"
prolonged qt interval,16,0.9213677048683167,0.3536159098148346,0.2931118905544281,0.7424212694168091,0.7246546894311905,0.9184736375160351,0.633906467338588,0.6307003329219143,0.001,0.0004525822300820437,"{0.001: 0.0004525822300820437, 0.002: 0.0021668597037205473}",0.013921823352575302,"{'subset': 16, 'prob_thresh': 0.85, 'win': 48, 'ig_steps': 12, 'ig_samples': 3, 'ig_sigma': 0.02, 'infid_sigmas': [0.001, 0.002], 'bs': 8}"
right axis deviation,16,0.9642461538314819,0.5816813707351685,0.38816648721694946,0.8369858264923096,0.72440966963768,0.9315385810232408,0.5843476220666013,0.6778646966434809,0.001,0.0018655688472790644,"{0.001: 0.0018655688472790644, 0.002: 0.007633860252099112}",0.014631923288106918,"{'subset': 16, 'prob_thresh': 0.85, 'win': 48, 'ig_steps': 12, 'ig_samples': 3, 'ig_sigma': 0.02, 'infid_sigmas': [0.001, 0.002], 'bs': 8}"
incomplete right bundle branch block,16,0.930914044380188,0.7867814302444458,0.29216626286506653,0.7355666160583496,0.7217001765966415,0.9559327255717749,0.6942156626220769,0.7353983063687957,0.001,3.2170306951684324e-05,"{0.001: 3.2170306951684324e-05, 0.002: 0.00011536818897184276}",0.006765272468328476,"{'subset': 16, 'prob_thresh': 0.85, 'win': 48, 'ig_steps': 12, 'ig_samples': 3, 'ig_sigma': 0.02, 'infid_sigmas': [0.001, 0.002], 'bs': 8}"
prolonged pr interval,16,0.9250576496124268,0.026373853906989098,0.2242143452167511,0.6557821035385132,0.715783879160881,0.8864982652597515,0.508087409416115,0.5466526750876001,0.001,0.014580726499843877,"{0.001: 0.014580726499843877, 0.002: 0.05655661958735436}",0.02853003516793251,"{'subset': 16, 'prob_thresh': 0.85, 'win': 48, 'ig_steps': 12, 'ig_samples': 3, 'ig_sigma': 0.02, 'infid_sigmas': [0.001, 0.002], 'bs': 8}"
sinus arrhythmia,2,0.8572112321853638,0.3164561986923218,0.31491324305534363,0.7432796955108643,0.7141832262277603,0.9166948057508264,0.692168495315757,0.6724091641310184,0.001,0.0001934420605103071,"{0.001: 0.0001934420605103071, 0.002: 0.0005726344120802196}",0.01178652048110962,"{'subset': 16, 'prob_thresh': 0.85, 'win': 48, 'ig_steps': 12, 'ig_samples': 3, 'ig_sigma': 0.02, 'infid_sigmas': [0.001, 0.002], 'bs': 8}"
pacing rhythm,16,0.9848095178604126,0.0559837706387043,0.4501684308052063,0.8634436726570129,0.7066376209259033,0.8920428162064299,0.4900356565042975,0.5848076221157141,0.001,0.008374701705179177,"{0.001: 0.008374701705179177, 0.002: 0.03043660966795869}",0.013852745294570923,"{'subset': 16, 'prob_thresh': 0.85, 'win': 48, 'ig_steps': 12, 'ig_samples': 3, 'ig_sigma': 0.02, 'infid_sigmas': [0.001, 0.002], 'bs': 8}"
sinus rhythm,16,0.8882975578308105,0.028948461636900902,0.23429882526397705,0.6388137936592102,0.7022574841976166,0.8985783921345152,0.5689136137099302,0.5840555749243693,0.001,0.0005222491863605683,"{0.001: 0.0005222491863605683, 0.002: 0.0019575086298573297}",0.040263041853904724,"{'subset': 16, 'prob_thresh': 0.85, 'win': 48, 'ig_steps': 12, 'ig_samples': 3, 'ig_sigma': 0.02, 'infid_sigmas': [0.001, 0.002], 'bs': 8}"
complete right bundle branch block,16,0.9510173797607422,0.7270150780677795,0.38353991508483887,0.7633908987045288,0.689925491809845,0.918380097293048,0.5548664287645805,0.6373605903712876,0.001,0.0004331158067998331,"{0.001: 0.0004331158067998331, 0.002: 0.001445966311621305}",0.003712102770805359,"{'subset': 16, 'prob_thresh': 0.85, 'win': 48, 'ig_steps': 12, 'ig_samples': 3, 'ig_sigma': 0.02, 'infid_sigmas': [0.001, 0.002], 'bs': 8}"
premature atrial contraction,16,0.9009392857551575,0.702268123626709,0.3459113538265228,0.7250229120254517,0.6895557790994644,0.9004005679687421,0.6090858639276864,0.6397449716643558,0.001,0.00011634674467586592,"{0.001: 0.00011634674467586592, 0.002: 0.00049437332791058}",0.00926339253783226,"{'subset': 16, 'prob_thresh': 0.85, 'win': 48, 'ig_steps': 12, 'ig_samples': 3, 'ig_sigma': 0.02, 'infid_sigmas': [0.001, 0.002], 'bs': 8}"
sinus tachycardia,16,0.9461623430252075,0.03261835128068924,0.2653113305568695,0.6417520046234131,0.6882203370332718,0.9267627316215346,0.6553890829636846,0.6873857207729299,0.001,0.001544035909773811,"{0.001: 0.001544035909773811, 0.002: 0.007035024798824452}",0.028585202991962433,"{'subset': 16, 'prob_thresh': 0.85, 'win': 48, 'ig_steps': 12, 'ig_samples': 3, 'ig_sigma': 0.02, 'infid_sigmas': [0.001, 0.002], 'bs': 8}"
left bundle branch block,16,0.9604719877243042,0.47765854001045227,0.44782549142837524,0.8225680589675903,0.6873712837696075,0.9159861701958254,0.5380585961768584,0.6122415224725473,0.001,0.0007624302738804545,"{0.001: 0.0007624302738804545, 0.002: 0.0028056728770025074}",0.010619338601827621,"{'subset': 16, 'prob_thresh': 0.85, 'win': 48, 'ig_steps': 12, 'ig_samples': 3, 'ig_sigma': 0.02, 'infid_sigmas': [0.001, 0.002], 'bs': 8}"
1st degree av block,16,0.9732816219329834,0.8669290542602539,0.3811657428741455,0.7402727007865906,0.6795534789562225,0.9237144590659838,0.6415618139115028,0.6815440468599485,0.001,3.113760379847008e-05,"{0.001: 3.113760379847008e-05, 0.002: 0.00013551967742841953}",0.0035438016057014465,"{'subset': 16, 'prob_thresh': 0.85, 'win': 48, 'ig_steps': 12, 'ig_samples': 3, 'ig_sigma': 0.02, 'infid_sigmas': [0.001, 0.002], 'bs': 8}"
low qrs voltages,16,0.9391255378723145,0.24113361537456512,0.43833497166633606,0.7193607091903687,0.6405128687620163,0.938544959601989,0.646995188544299,0.6877627150072946,0.001,2.305581428174719e-05,"{0.001: 2.305581428174719e-05, 0.002: 8.489586087989665e-05}",0.011208880692720413,"{'subset': 16, 'prob_thresh': 0.85, 'win': 48, 'ig_steps': 12, 'ig_samples': 3, 'ig_sigma': 0.02, 'infid_sigmas': [0.001, 0.002], 'bs': 8}"
premature ventricular contractions,14,0.9350031614303589,0.6573968529701233,0.48008424043655396,0.7456679344177246,0.6327918469905853,0.895191120543868,0.5858640745056254,0.6189530757916706,0.001,0.00042863371254497906,"{0.001: 0.00042863371254497906, 0.002: 0.001940001396178559}",0.005160114727914333,"{'subset': 16, 'prob_thresh': 0.85, 'win': 48, 'ig_steps': 12, 'ig_samples': 3, 'ig_sigma': 0.02, 'infid_sigmas': [0.001, 0.002], 'bs': 8}"
atrial fibrillation,16,0.9664967060089111,0.3690507709980011,0.4941074550151825,0.7565845251083374,0.6312385350465775,0.9334183007742047,0.6897582590348649,0.7245069048426426,0.001,0.01545108922300642,"{0.001: 0.01545108922300642, 0.002: 0.060168126416101586}",0.009437650442123413,"{'subset': 16, 'prob_thresh': 0.85, 'win': 48, 'ig_steps': 12, 'ig_samples': 3, 'ig_sigma': 0.02, 'infid_sigmas': [0.001, 0.002], 'bs': 8}"
atrial flutter,16,0.9797108173370361,0.5960586667060852,0.529543936252594,0.7066720128059387,0.5885640382766724,0.9193903364550335,0.6623918064245076,0.6334307074498429,0.001,0.0001847325446533432,"{0.001: 0.0001847325446533432, 0.002: 0.0008825302948025637}",0.002888355404138565,"{'subset': 16, 'prob_thresh': 0.85, 'win': 48, 'ig_steps': 12, 'ig_samples': 3, 'ig_sigma': 0.02, 'infid_sigmas': [0.001, 0.002], 'bs': 8}"
bradycardia,16,0.9851617813110352,0.8474754691123962,0.5925750136375427,0.7580989599227905,0.5827619731426239,0.8985435661490038,0.6273679933672115,0.6273429945162468,0.001,2.3778095993520765e-05,"{0.001: 2.3778095993520765e-05, 0.002: 9.392724138024278e-05}",0.0017413310706615448,"{'subset': 16, 'prob_thresh': 0.85, 'win': 48, 'ig_steps': 12, 'ig_samples': 3, 'ig_sigma': 0.02, 'infid_sigmas': [0.001, 0.002], 'bs': 8}"
right bundle branch block,16,0.9834306240081787,0.5627778768539429,0.6003704071044922,0.7636028528213501,0.581616222858429,0.9190376980157602,0.5012142746912385,0.5576499831382187,0.001,0.00010932005443464732,"{0.001: 0.00010932005443464732, 0.002: 0.00042695895922406635}",0.0006915628910064697,"{'subset': 16, 'prob_thresh': 0.85, 'win': 48, 'ig_steps': 12, 'ig_samples': 3, 'ig_sigma': 0.02, 'infid_sigmas': [0.001, 0.002], 'bs': 8}"
